,truncated,full,delta
mean_abs_matrix,0.1810654085874141,0.1810654085874141,0.0
max_abs_matrix,0.763437293808741,0.763437293808741,0.0
row_sum_range,40.0532025251367,40.0532025251367,0.0
row_sum_std,9.006575345270452,9.006575345270452,0.0
stability_matrix_corr,0.9819855411555496,0.9819855411555496,0.0
stability_rowsum_corr,0.9889127945832,0.9889127945832,0.0
n_assets,72.0,72.0,0.0
