,ROSE,ANKR,VET,NEAR,ETH,EOS,BAKE,GRT,REEF,INJ,FIL,MATIC,BCH,IOST,CHR,EGLD,HBAR,ZIL,ALGO,DENT,DASH,ALICE,IOTA,LINK,XTZ,LRC,ONE,SXP,KAVA,AXS,ADA,SOL,ONT,ETC,MANA,SNX,ZEC,CFX,YFI,WAVES,LTC,CHZ,XLM,COTI,DOT,OMG,SUSHI,FTM,BNB,UNI,STX,RUNE,THETA,HOT,1INCH,FET,KSM,SLP,CRV,IOTX,BTC,AVAX,ENJ,CAKE,XRP,TRX,ATOM,AAVE,DOGE,NEO,SAND,QTUM
ROSE,0.0,0.3505153683804011,0.36533355185668154,0.23011730317677503,-0.04573201736245866,0.2913166613913153,0.11861204609452222,-0.0709793197840891,0.17877276735225603,0.2789674478195019,0.22744532831317193,0.05630859552755564,0.33228368524062357,0.3595391357099481,-0.25177916872534123,0.09301637075434396,0.09474384469734282,0.26557369246590634,0.27253656506997026,0.3510848660128864,0.32186090527640887,-0.3592220270430396,0.22524164732960417,0.09493128192705823,0.05703105231171147,0.1715609387374309,0.2357321311494677,0.18403104967386694,0.16666804589908985,0.12068733448564259,0.2178413080784059,0.15437977500331357,0.5001150037716294,0.02896227825669561,0.23786582789822466,0.28515976360354833,0.4879055068478386,0.34148431030591675,-0.009518971337113883,-0.03527087245125127,0.2582693528153081,-0.02447254419310957,0.34209108300365165,-0.026318273159829667,0.28334770178724866,0.1407937709741152,0.2962556365055191,0.0403134962874972,-0.09225567596878981,0.3413698324955839,0.08286612915514986,0.09333158456472013,0.07275393241568714,0.3896379277624211,0.24113036285105782,-0.03549895126493731,0.18424613645574686,-0.22727976241666753,-0.2808228360513056,0.633144668895509,0.16094784529090989,0.17247992336600457,0.25917205460805187,0.3614947394316422,0.05010782315301267,0.0932206034575388,0.34335171571669665,0.010762992285328878,0.21801753944649002,0.34294055010844315,0.1473515940280711,0.3780590996263968
ANKR,-0.3505153683804011,0.0,0.11301420337857973,-0.25326329161526095,-0.3479366193125866,0.020274953148619046,0.16461104395012877,-0.5123633715874483,-0.13493088192406472,0.002445725686364541,-0.00019546376267315368,-0.30473607178515716,0.3008213128442158,-0.06430440771056067,-0.054445510549965506,-0.2514676742786104,-0.34246219796311145,-0.11877144733092707,-0.07605603692242457,0.03738722580130185,0.21012177315065791,-0.02357579629023855,-0.32892977971485615,-0.2740755780630809,-0.4181859615020992,-0.1351845486721235,-0.19946628136408615,-0.0959126339229464,-0.033273161036043414,0.011317501748908238,0.0805948392700223,-0.12586834606667163,0.23192046234595864,-0.4588529296754035,-0.0551143033485313,-0.3620952073260427,0.09520036145539437,0.39733609065161873,-0.3170667460031905,-0.28488833681267994,0.21206689178315546,-0.1592233977941178,0.05651417659242536,-0.11404252122654294,-0.12065587573646566,-0.09835810871131492,-0.16876433706245003,-0.3064214347840274,-0.3098833966314939,-0.17947891816658784,-0.3373140655599085,-0.23214212595857844,-0.11748557417104835,0.1283968071517529,-0.4011774140250051,-0.3106183162541349,-0.1826704200657283,-0.30301267372323765,-0.61673834825976,0.3069650358686521,0.16115519718334906,-0.07433642860881565,-0.007742908931973373,-0.1038349158247974,-0.00957692157177814,0.38850517294744247,-0.06476410232725395,-0.47344376550659206,0.027781043724558356,-0.040959021290005726,-0.0441049939329429,0.15932093298611805
VET,-0.36533355185668154,-0.11301420337857973,0.0,-0.2821000478806843,-0.4064418391201816,-0.11489863699111413,0.13215652038067427,-0.5940885769615141,-0.20663556390915883,-0.02024055813498609,-0.0028520154464279253,-0.3671288349992922,0.22024379028688862,-0.16823664308914874,-0.176913262823254,-0.3679459855070579,-0.45434252341213366,-0.18977643630250113,-0.12477008351182375,-0.14299386631217353,0.09298530613107328,-0.2715771521963888,-0.3479309803535027,-0.3075441975592396,-0.44947382809939096,-0.2494332211386586,-0.2855513257365839,-0.2203900349074437,-0.16189428737420417,-0.16647772790301643,0.04436980793174017,-0.16501545541044732,0.1420060650308521,-0.5756301651236341,-0.14685022862637614,-0.3487809422278546,0.15765814735006564,0.24699443572334673,-0.356748714925001,-0.16581664618544167,0.08216405260563162,-0.25120256854974277,-0.0437524334355293,-0.18238463274354133,-0.16279486466368495,0.035592593434768796,-0.23418569520711707,-0.32345919651124266,-0.2518415423095879,-0.1795186702642393,-0.37465115578773284,-0.3208576360427833,-0.2147106386579638,-0.05507824063905266,-0.3816394298381749,-0.4075515835142798,-0.1948638669783106,-0.48477626815148933,-0.47570017757585026,0.24690311415335742,0.15555521988238627,-0.12221200360892968,-0.08928553769780205,-0.14778149157677145,0.0381738149011627,0.3057749682111681,-0.11666338573153731,-0.45124029397905885,-0.06908555608330785,-0.15588254446650984,-0.18678715850915853,0.039598185092680295
NEAR,-0.23011730317677503,0.25326329161526095,0.2821000478806843,0.0,-0.10736991425503475,0.22884322298328005,0.3408395929823701,-0.2504544873849649,0.049571620865873314,0.2331754536662249,0.25199116695055845,-0.09253070163979256,0.46621805947027484,0.1575523073182393,-0.09820403681092177,0.058840853984917736,-0.14665668143365745,0.12934056501538913,0.10903833946914168,0.25464994552578735,0.3573095607708188,-0.12450821947105987,-0.07288205463755863,0.07569861029290996,-0.26579560997620894,0.11135552405067828,0.015336352167807682,0.11105383741328007,0.17598782989097583,0.18895059726160632,0.22914013142716366,0.20305434855622856,0.4660014233596481,-0.20332976340048242,0.11477358040799993,-0.0400850577386513,0.2833864701154156,0.5249573235648193,-0.2263250878303265,0.011132683404720678,0.1987534734012047,0.04490956287787004,0.18557475382784347,-0.014135106171280576,0.1938276572919721,0.1514717368497867,0.1598640331865004,-0.10606328138041715,-0.11284977399505468,-0.04368449099389059,0.018790422196113793,-0.055279744670194406,0.10570895191861053,0.3709799538109492,-0.1359919093446262,-0.21766246287427427,0.044724564799842145,-0.1370663194518658,-0.4045963826632194,0.5183767152352217,0.2197343567900329,0.011264022569294596,0.280248234113239,0.13981442907431108,0.1374126131531196,0.43395520556443934,0.21806698605911148,-0.25060675783033826,0.22830149421229395,0.1994394818349537,0.08302775354485012,0.33954141899722146
ETH,0.04573201736245866,0.3479366193125866,0.4064418391201816,0.10736991425503475,0.0,0.39727486022633274,-0.26471077233769014,-0.1623862104590314,0.14098886188418933,0.15529893257428576,0.14887983041205077,0.20795375426645973,0.47789718706330275,0.32095716609705477,-0.025456468961406093,0.09582342859840023,0.03884436491549406,0.2108956976589833,0.195856866757474,0.34418595122325435,0.3284678194566061,-0.0688727026366818,0.1471389893516295,0.03354515640720787,-0.00596523584720976,0.05496206011576001,0.20835141119540945,0.18950822510477172,0.32088889305079527,0.1775597845212868,0.2990944446914574,0.06185514928807467,0.4173094329129804,-0.08329759138269081,0.262216002152579,0.12790348412767535,0.2966106937882547,0.5382072500752633,0.07487111854815286,-0.08507825686362017,0.35856631291324026,0.11066958386193415,0.36077467422713166,-0.016438136759990674,0.31404747159286434,0.19590972669240048,0.17242960161207202,0.04661284646154294,-0.2645773697574637,0.0032872255441977333,-0.07389051273815134,0.08539531121678082,0.18714657687524305,0.420534332599891,0.11754536054454824,-0.08874641607559776,0.09081134298582239,-0.029574358862692815,-0.07718437938877233,0.5846635715341736,0.2801791460294528,0.13863101642550613,0.3520938197143467,0.15217040672994628,0.21597007429116002,0.3266814724214346,0.4207996624521529,-0.2007792210219724,0.20933464442666563,0.22059787417440127,0.22562803139938986,0.4069153687757309
EOS,-0.2913166613913153,-0.020274953148619046,0.11489863699111413,-0.22884322298328005,-0.39727486022633274,0.0,0.11082310887781127,-0.5658284524047704,-0.07765931691530197,-0.07978144758969818,0.00037314639277055,-0.2579854307237649,0.3025141786449616,-0.08444285652979316,-0.26806975700861635,-0.2289251028160833,-0.29538247220496566,-0.13535647699727507,-0.11710838220544635,0.05249184259831291,0.13045629025742828,-0.2522686083334019,-0.22437014834166613,-0.25397470295590363,-0.3822085936723048,-0.12790400253844855,-0.13381065882361498,-0.11345617817752231,-0.11565144606377906,-0.10432792647330735,0.08593704764643542,-0.10029509588974438,0.216001233916101,-0.4625902886204384,-0.09170531885994121,-0.2667850626039535,0.22100209279008348,0.30675802139436037,-0.20398707075808867,-0.1400107760975311,0.15330135687880167,-0.2194028417224681,0.0645805725381173,-0.19483773900859336,0.006670217440578094,0.0001983098292533958,-0.09023783821108626,-0.27345891554952817,-0.17428800854999704,-0.08634342651592511,-0.16195443358280448,-0.23351345883141586,-0.1628244747601992,0.11442589899426236,-0.3148551648605812,-0.49244237045777633,-0.10317756322719,-0.31766756386494377,-0.31374713306199703,0.4289252279653692,0.16210002972935897,-0.07976213596853651,-0.004795492432671425,0.05902048946985891,0.12474981503629254,0.24321390137854035,0.0018988409748703881,-0.3236148752963793,0.011623862912502558,-0.06565467247069098,-0.16274640248935407,0.10290809054625086
BAKE,-0.11861204609452222,-0.16461104395012877,-0.13215652038067427,-0.3408395929823701,0.26471077233769014,-0.11082310887781127,0.0,-0.3873360975140312,-0.18351120743770516,-0.17110689145421837,-0.10365563655328738,0.04272956027596335,0.23295223835435097,0.20625692090057726,-0.2504511521804084,-0.06247555234648786,-0.1784758937346182,0.08672220814049855,-0.263905793989424,-0.02275898582746036,0.04405626885832534,-0.3137518269500137,0.009575605949137943,-0.16932089633173694,-0.05832457444805415,-0.06563673641608662,-0.0992450828050868,-0.11325581981065236,0.027018951069983192,-0.010965709086512544,0.1358280580082573,0.044239529654189994,-0.03885804661692238,-0.1920891510228908,-0.0817599722124293,0.007050262089486017,0.00874557813480984,0.06844556924608523,-0.12383565219184281,-0.042357632744265225,0.2751403842205236,-0.18893685926852513,-0.16503878249973408,-0.28862781527418646,0.15730733939175034,0.17349349664771382,0.015346998310910548,-0.0754352876210536,0.05394094922696556,0.23168899256761522,-0.19837309402377667,-0.15757007703542797,-0.10958025220684478,0.03263692708775747,0.3199792479937378,-0.5094430161529158,-0.10652200609373519,-0.09091707570113668,0.007912677277445351,-0.05819471714364116,0.30733204396357144,-0.49687820599299104,-0.07388183003421954,0.15925852880328087,-0.00838069136057601,0.07905566451781203,0.041255128412371375,-0.31214814378793027,0.01378895755462559,-0.09518758883347704,-0.1200481343972577,0.10430772160509424
GRT,0.0709793197840891,0.5123633715874483,0.5940885769615141,0.2504544873849649,0.1623862104590314,0.5658284524047704,0.3873360975140312,0.0,0.37542241431575185,0.2918425944630027,0.48829851900077054,0.22038995947461035,0.7149219137828063,0.47101766827210045,0.23291274201370987,0.2726784729711891,0.10964137736949423,0.40170038586943446,0.397262093791369,0.5034493250333368,0.6039996952565654,0.057331219979867655,0.22245870475657142,0.25441107204109126,0.002307377964454179,0.33980944660876705,0.3064491899932591,0.43551733750627686,0.4811155854048367,0.40810342441292347,0.5062196926515786,0.40568995571679717,0.7257268133134052,0.14179478309699406,0.4288139924735019,0.21642195772902995,0.5275267183371086,0.7911299541319855,0.13202826371918344,-0.09683273926917187,0.6363566587085416,0.29511861781624815,0.5639199445218853,0.20659446982846846,0.3833459030385866,0.12432256944796766,0.410137553671767,0.09718829052916483,0.0049776979695742365,0.2930278631961575,0.10522484123921394,0.2964935051120548,0.3747506937547094,0.6136138446750583,0.03865325365639999,-0.008617741331131305,0.27119953856164375,0.042055512495664645,-0.2413474553226083,0.7292597091554055,0.4827522691471816,0.36422520312242845,0.45722803195857453,0.38218126103426364,0.3441523090640884,0.5464740423195752,0.4520691848753036,-0.14546644325682787,0.5229198741841659,0.4793510640813514,0.4164880271627408,0.6524287081191011
REEF,-0.17877276735225603,0.13493088192406472,0.20663556390915883,-0.049571620865873314,-0.14098886188418933,0.07765931691530197,0.18351120743770516,-0.37542241431575185,0.0,0.06702473354155808,0.13445258784786984,-0.13980523258503175,0.44079685423702286,0.03584085882996877,-0.23825081914076304,-0.055312886169565256,-0.19647124294881177,0.06146848728834959,0.038865992210110514,0.20458375423022077,0.24470538324928962,-0.34410275079062225,-0.04020675962932371,-0.07549262629051015,-0.20896975131236953,0.007226001911149166,-0.04302060322246026,0.005722909067598425,0.024611001534462766,0.02090370972017011,0.1599708761720488,0.09089109504896972,0.3542926927390661,-0.25911172402490906,0.03457398192867096,-0.022361698403338702,0.35059829500965867,0.2776472584310529,-0.14264099253482262,-0.0661185876306852,0.161011465425571,-0.08212217651223343,0.13890560970607674,-0.14737581720685192,0.12076313474362549,0.0661623396586663,0.0956030196253746,-0.20012671042393024,-0.010813267789884323,0.062254548938087795,0.042211500538968764,-0.10229953350667297,-0.030136084109294983,0.27123131278387647,-0.11910089953447847,-0.3651768353641016,-0.013959286201445494,-0.2312509555052888,-0.21790685676662327,0.5544284263156025,0.2696539787016237,0.023212648841750033,0.10325490061258392,0.2541156131923666,0.1707236094811733,0.23666817134379875,0.16685296269225072,-0.1751908845959486,0.0966630171447656,0.07774972166504666,-0.04194415632828384,0.2306294362420698
INJ,-0.2789674478195019,-0.002445725686364541,0.02024055813498609,-0.2331754536662249,-0.15529893257428576,0.07978144758969818,0.17110689145421837,-0.2918425944630027,-0.06702473354155808,0.0,0.13912654539397296,-0.2622304534295801,0.2589539182362885,0.09745323584929896,-0.039298130277675536,-0.2005240344493808,-0.2339687328464477,-0.0483671991645411,-0.0572481415738762,-0.03676898111448269,0.1853402519847926,-0.07631073243128952,-0.2064157287431071,-0.1357630502787979,-0.3444269399979506,-0.09729946693903999,-0.17359293224867334,-0.10577605508935492,0.02340911778388905,-0.008664594462304082,0.16528899804913988,-0.032381535749236495,0.1987510055688325,-0.15028570821516873,-0.07460158941432964,-0.2562273577148127,0.04740265336571145,0.2294635381774781,-0.304067653307317,-0.19502826010707158,0.29582692807256117,-0.13539122043066407,0.11624469317164002,-0.07433146314474709,-0.08861636317599546,-0.09570250991025085,-0.025416574897078596,-0.3083381196671727,-0.1782564476251301,0.1704251723259652,-0.19651969934740773,-0.16028592100645506,-0.10186986456382247,0.05126933403308031,0.03807762977799306,-0.16707713084219647,-0.15947758728321626,-0.33561174210627903,-0.7181380277405505,0.2038012233828978,0.20382870772060588,-0.18780710292182567,-0.11164483747999233,0.005397146599404039,-0.15264718619889606,0.37350457990710506,-0.09929917741584361,-0.2707990242839264,0.06892865393047684,0.06258477416357858,-0.05490343592751,0.11535701215612242
FIL,-0.22744532831317193,0.00019546376267315368,0.0028520154464279253,-0.25199116695055845,-0.14887983041205077,-0.00037314639277055,0.10365563655328738,-0.48829851900077054,-0.13445258784786984,-0.13912654539397296,0.0,-0.2820188079381816,0.31894799179154887,-0.16194458421238367,-0.12228775499711267,-0.14500363111083803,-0.31527253146092393,-0.23618651764173637,-0.16874582224622003,0.09734373100111834,0.007121999305449225,-0.18054998124559501,-0.35794862526514987,-0.06265629034884726,-0.4167507163803217,-0.23789085578922586,-0.25772225785894953,-0.15613397736611284,-0.11519760419998076,-0.13765613152868997,0.07087482889720068,0.047866164618582306,0.09450073575280497,-0.3192675738473092,-0.2155974788246116,-0.2947113980701868,0.014074327334100536,0.23063822012056753,-0.2898373017795477,0.03002307158030923,0.21556333887719564,0.0032979497054310943,0.111024571705659,-0.255123619180084,-0.026845547531522365,0.07113829539656233,-0.014264062830245658,-0.2993183357118302,-0.32136826647481753,-0.01617935558899467,-0.11583778856789848,-0.20102557182469738,-0.1544289179506315,0.11096637941640417,-0.2833121671985556,-0.46165974239174185,-0.2354004518890327,-0.11736650531912565,-0.36429079728169994,0.418338935713251,0.3073204170977795,-0.1273037512251965,0.014437809548045914,0.04462019936386581,0.21509653905640422,0.5421875421558764,0.013284401836396037,-0.4385795433069601,0.06500172573641105,-0.123522142340444,-0.2561660595963481,0.017174785111050667
MATIC,-0.05630859552755564,0.30473607178515716,0.3671288349992922,0.09253070163979256,-0.20795375426645973,0.2579854307237649,-0.04272956027596335,-0.22038995947461035,0.13980523258503175,0.2622304534295801,0.2820188079381816,0.0,0.4131948873524889,0.22424201545955413,-0.028694687148866325,-0.009541475753556912,-0.06737977776881653,0.17414740886543337,0.20291042718450536,0.1950965538825924,0.26577975288190836,-0.15354964663708992,0.09236360978796104,0.05155338660364159,-0.13244688941113783,0.09162694580456307,0.13909596730954002,0.13071667193895822,0.16877615168345386,0.11581863824983155,0.3410981308370589,0.09773761355230416,0.49461217537568236,-0.2051201450262337,0.20756712799169103,0.05436864869566025,0.38210210501886843,0.5135151350678497,-0.12154743124080615,-0.18161647201540573,0.21970052061427886,-0.0155527653975812,0.28244877415185227,0.09377386786257669,0.17692564369687433,0.08983923794582532,0.16175113272346403,-0.004681257499363064,-0.13446725999378772,0.1028658135558502,-0.05832074946673414,-0.0008554922033969375,0.10651170052343405,0.2784857867086141,0.03888136432804093,-0.11085432018439148,0.13811660986665691,-0.23466983476140096,-0.2515409464078713,0.5259996182665182,0.2538490467890378,0.09632395335446399,0.26958512828255876,0.09745246991238374,0.10753101628883516,0.23687984136178492,0.31775224092819665,-0.182713320159742,0.2297409619263181,0.22565027047405345,0.14437290720287582,0.3548556122829592
BCH,-0.33228368524062357,-0.3008213128442158,-0.22024379028688862,-0.46621805947027484,-0.47789718706330275,-0.3025141786449616,-0.23295223835435097,-0.7149219137828063,-0.44079685423702286,-0.2589539182362885,-0.31894799179154887,-0.4131948873524889,0.0,-0.4072057549729585,-0.3532043040262696,-0.47028248894646174,-0.5836417115667026,-0.3613291506191435,-0.37332920839317807,-0.2931997753070773,-0.24786667022591005,-0.47350598623525086,-0.47338701847116316,-0.45941595600940427,-0.47873559025216156,-0.4612272500805146,-0.4395521413333392,-0.3728929174743507,-0.35415985874480793,-0.41218978330042355,-0.17217111763614507,-0.4574625103738761,-0.22153667528991997,-0.6582801473253717,-0.341308923582558,-0.39921690111769725,-0.13136565973176123,-0.06274586777735577,-0.4131741083122425,-0.0039015975265661307,-0.06008062853457373,-0.40582737211611697,-0.2542454970830483,-0.4635593676345533,-0.29244673151586975,0.18948920787583,-0.36635649571702544,-0.41636650762601535,-0.4516719475914724,-0.21255542020836005,-0.37273313649019474,-0.4790004710503507,-0.37329128444755055,-0.3235984563170307,-0.47020942455407627,-0.528444868220035,-0.3830866570942139,-0.5341561075772521,-0.27102397330511047,0.012046484830945392,0.039627330057254134,-0.2838202688708491,-0.28745182064376384,-0.27132087175792696,-0.08147424017846114,0.023538258408296826,-0.2751801462232108,-0.5303367728803914,-0.21223821582668656,-0.4201496977789625,-0.40878261024653884,-0.18018587178421241
IOST,-0.3595391357099481,0.06430440771056067,0.16823664308914874,-0.1575523073182393,-0.32095716609705477,0.08444285652979316,-0.20625692090057726,-0.47101766827210045,-0.03584085882996877,-0.09745323584929896,0.16194458421238367,-0.22424201545955413,0.4072057549729585,0.0,-0.17084661459096426,-0.1661206038576155,-0.25054846130622144,-0.0610342770112487,-0.016308943581990535,0.10612067899656384,0.20336009816388156,-0.18355200748547695,-0.17365300202683956,-0.17252020307002855,-0.33480611550313133,-0.057328141718373644,-0.11215318570568038,-0.1807396502612184,0.05430760341473494,-0.048090560666423615,0.23132044154181716,-0.12018869110167243,0.30569606629579266,-0.4034518716960412,-0.06200688259709781,-0.24698450837353875,0.16852124502415444,0.38150461259670054,-0.2738746998304795,-0.21356086927832024,0.18406469834162834,-0.1322663594379859,0.18324591423802725,-0.11235323595225341,-0.0011572913476400049,-0.04921753151353009,-0.08262703604377586,-0.2143759377718957,-0.1808780299497629,-0.006975618976529104,-0.15736618066268698,-0.1422600953294971,-0.07302652473180068,0.20087724672701854,-0.17053588088891894,-0.36003038974680945,-0.18679006175980348,-0.3110432061021488,-0.3739669635524039,0.5607433045348196,0.22681583339240236,-0.13922340714648293,0.047389057788475825,0.05696984183976132,0.007666149363799203,0.3285245108041386,0.04041926302060652,-0.27046051342431354,0.018707191135244168,-0.02462663203291901,-0.10480447066988029,0.1827341993050317
CHR,0.25177916872534123,0.054445510549965506,0.176913262823254,0.09820403681092177,0.025456468961406093,0.26806975700861635,0.2504511521804084,-0.23291274201370987,0.23825081914076304,0.039298130277675536,0.12228775499711267,0.028694687148866325,0.3532043040262696,0.17084661459096426,0.0,0.04014841993728678,-0.09120775152553386,0.1478593896318218,0.08508816578427018,0.19992237833129978,0.2849238945403125,-0.24722564964875482,0.16466731844035143,-0.05933553945793482,-0.05050705225765263,0.016848717790216322,0.11436064178785348,0.20389843526610546,0.06462168232822917,0.0172142340667243,0.16191406075351839,0.2646206422862288,0.3445848965661704,-0.0007849106498677288,0.2399682247660379,0.24711454413492998,0.6429885842477582,0.37092004018022795,0.10237937562665711,-0.11826595773692905,0.1987492745611564,0.11482204991556827,0.20206766950095348,0.10593908312660236,0.27694889774571635,-0.11377785048599412,0.30906114365434534,0.09268185566763826,0.10852235285698181,0.47693802141068337,-0.013039419932911737,0.13499470697268295,-0.07210590012394791,0.11755964551595696,0.0014582939541241818,-0.29889377280694146,0.140537569534789,-0.18457523565337924,-0.16877417155048252,0.48467302735778617,0.3224600226142872,0.30732846766835253,0.057958454417539385,0.4230838281859727,0.2964643220847536,-0.08850629825396095,0.24464789217239363,-0.45120112413122304,0.1945850174671608,0.13177974797258912,0.09654816644623575,0.2995698803411393
EGLD,-0.09301637075434396,0.2514676742786104,0.3679459855070579,-0.058840853984917736,-0.09582342859840023,0.2289251028160833,0.06247555234648786,-0.2726784729711891,0.055312886169565256,0.2005240344493808,0.14500363111083803,0.009541475753556912,0.47028248894646174,0.1661206038576155,-0.04014841993728678,0.0,-0.07368124068557955,0.1576277642175285,0.15819645983253772,0.2146387690586362,0.3414119064957367,-0.17234491970671897,0.028473368006416144,0.03562400378951795,-0.1701144909685706,0.029905504394753632,0.07631273055793725,0.12320350006117657,0.11190583942899811,0.14168630947027844,0.2775467446345708,0.13565414134269888,0.4392141935807253,-0.1756829920661714,0.18743239769132083,0.01581621483771261,0.3792311150280286,0.47832117865421736,-0.044922219946974866,-0.18640189711828847,0.224976907708841,-0.06131019485661367,0.29056507839287005,0.0025555416619070445,0.23019952122677334,0.07553006168749776,0.1510859586748717,-0.19394093758533892,-0.13103415947984154,0.03614611618553276,-0.08362618054398747,-0.07291529276053954,0.05070232679223576,0.3161977159121395,0.07716677019860613,-0.2032497653933834,0.09876372230797988,-0.19507458779532244,-0.27181170411956146,0.578263491647488,0.258565954429253,0.1304539598576419,0.20716944382919383,0.15194033579353283,0.19510286788623227,0.17462863514101987,0.2947186624757897,-0.13325029027494123,0.1912788752008679,0.19161088944020963,0.12077864570518368,0.3366791612110445
HBAR,-0.09474384469734282,0.34246219796311145,0.45434252341213366,0.14665668143365745,-0.03884436491549406,0.29538247220496566,0.1784758937346182,-0.10964137736949423,0.19647124294881177,0.2339687328464477,0.31527253146092393,0.06737977776881653,0.5836417115667026,0.25054846130622144,0.09120775152553386,0.07368124068557955,0.0,0.2378875650800285,0.29902147112656086,0.32159235380792134,0.518747796587552,-0.0476672662041948,0.13273391562899978,0.0778240770589253,0.005084187927996517,0.21411789460264627,0.1525476884103913,0.22008275370023933,0.3055418756025401,0.26161486220932717,0.3931028954396006,0.09761122863782003,0.5793218449267311,-0.06674555765601711,0.300726546212817,0.09666071913736858,0.42611839669740825,0.5612707374124918,0.026992821049234166,-0.20452824247791784,0.42500354184845135,0.12872884501105092,0.4317443025085084,0.14656148368384286,0.11360125401786245,-0.02525369776572875,0.226521239215695,0.0041118468806998956,0.05453671593939466,0.1693719772718057,-0.008259488073943617,0.12330777488309262,0.218264275470777,0.43627132976286687,0.04624315373830462,-0.05111645635647878,0.11395055315849639,-0.10730471728172902,-0.2882589458948472,0.646138895046614,0.37700180689541146,0.2038429837234537,0.3121180751416713,0.29794141834560256,0.23322750474633214,0.35578513031531056,0.2778132155539206,-0.07061988123488137,0.3046016632259097,0.2702895492971401,0.25751286167312576,0.45626778804619467
ZIL,-0.26557369246590634,0.11877144733092707,0.18977643630250113,-0.12934056501538913,-0.2108956976589833,0.13535647699727507,-0.08672220814049855,-0.40170038586943446,-0.06146848728834959,0.0483671991645411,0.23618651764173637,-0.17414740886543337,0.3613291506191435,0.0610342770112487,-0.1478593896318218,-0.1576277642175285,-0.2378875650800285,0.0,-0.007134445587301861,0.08114005963958269,0.12218359214357441,-0.22683665290960842,-0.14990591029301187,-0.08422258375031623,-0.3965458148083763,-0.09937500747878325,-0.11016462570491449,-0.08449518821412555,0.0289199965080965,-0.025536839014554055,0.19189211659422867,0.03982455946976391,0.35003482675348735,-0.3223678332473714,-0.012460426076341978,-0.1640837355188423,0.17386480817761873,0.4093154783444487,-0.21612197486570792,-0.15782614271722128,0.19206658994587358,-0.20645367814329318,0.150469842815534,-0.10605704687232352,0.101578028421531,0.08839057756921806,-0.00980622122689781,-0.25871668767874956,-0.26382714594352175,0.06000056814260152,-0.1723331754380231,-0.131702233360185,-0.1134039302334699,0.16129639167030113,-0.07895126485471365,-0.315476324103081,-0.08826166644372324,-0.31080844499424665,-0.42307500584281454,0.4761228069282093,0.18836076161703116,-0.000960165946748491,0.0012550028309713593,-0.006879746370752074,-0.020842472142816704,0.1373310771382153,0.09680674335018602,-0.36031282012203447,0.07873882889736836,0.05582501650893377,-0.060040674579480334,0.18694633873391067
ALGO,-0.27253656506997026,0.07605603692242457,0.12477008351182375,-0.10903833946914168,-0.195856866757474,0.11710838220544635,0.263905793989424,-0.397262093791369,-0.038865992210110514,0.0572481415738762,0.16874582224622003,-0.20291042718450536,0.37332920839317807,0.016308943581990535,-0.08508816578427018,-0.15819645983253772,-0.29902147112656086,0.007134445587301861,0.0,0.09478961360840797,0.2251429037876903,-0.24542697923988432,-0.18396706501656226,-0.08281843105236074,-0.3701762180108181,-0.08038916964775049,-0.1203880018423761,-0.04809433902374251,-0.023301009250636,-0.01552147726135907,0.1581894390033027,0.1047691096971528,0.3419103415140983,-0.3054012376873453,-0.02561613019383809,-0.16770766250035898,0.2803080448883633,0.3599745653117025,-0.25388058330011865,-0.057416482439360844,0.201723871370315,-0.14695832384130242,0.11594107095282999,-0.0746310551373828,0.08886233017162777,0.10482254135278611,0.0037163183666299587,-0.24638964023188986,-0.16452737179580457,-0.0033470365289971146,-0.1762304228870517,-0.11233460790771353,-0.0754900290632506,0.1553489895655498,-0.13217732920872927,-0.26864600717429155,-0.03269185924339067,-0.36514080150333617,-0.4456021414928242,0.48970782213422,0.29663602119063004,0.04078589645490231,0.02435734799340868,0.05874713346309187,0.17216183426912204,0.2513048439294346,0.10512443958981252,-0.33629171697827936,0.0799141868062736,0.06372799062111219,-0.0908937831822552,0.1887769996314201
DENT,-0.3510848660128864,-0.03738722580130185,0.14299386631217353,-0.25464994552578735,-0.34418595122325435,-0.05249184259831291,0.02275898582746036,-0.5034493250333368,-0.20458375423022077,0.03676898111448269,-0.09734373100111834,-0.1950965538825924,0.2931997753070773,-0.10612067899656384,-0.19992237833129978,-0.2146387690586362,-0.32159235380792134,-0.08114005963958269,-0.09478961360840797,0.0,0.2115733894043169,-0.16264622404547546,-0.2234665929344467,-0.26169459474590023,-0.35408027797868186,-0.11043868004544095,-0.1682332761959684,-0.08688617125877285,-0.02835434961357193,0.0017742476390035788,0.014257420863771336,-0.14910398778557538,0.209217167721935,-0.48690070286143095,-0.010132098931982775,-0.24327628745780058,0.15329442326530862,0.3785701277242958,-0.24889104041594826,-0.2144857243268173,0.008789917068780156,-0.21424754427503132,-0.008410893884503667,-0.15805416701113303,-0.059148557606924605,-0.00258448843487645,-0.14540126899406625,-0.2904981628502603,-0.21180119310972462,-0.3157610241218501,-0.30667155635462096,-0.2680028029051984,-0.1330990319921015,0.13757438832414468,-0.28443338702475474,-0.3903979906622459,-0.16113903085194584,-0.25783165343622566,-0.3416445298719005,0.34607693070322265,0.028827309301859054,-0.09218012175297302,0.06858692626581811,-0.05848171480871317,0.04756576924013239,0.06349057524157142,-0.012112068188877959,-0.3615895433471372,-0.0647895307977981,-0.12255836461734121,-0.06169389759890641,0.11318005250509353
DASH,-0.32186090527640887,-0.21012177315065791,-0.09298530613107328,-0.3573095607708188,-0.3284678194566061,-0.13045629025742828,-0.04405626885832534,-0.6039996952565654,-0.24470538324928962,-0.1853402519847926,-0.007121999305449225,-0.26577975288190836,0.24786667022591005,-0.20336009816388156,-0.2849238945403125,-0.3414119064957367,-0.518747796587552,-0.12218359214357441,-0.2251429037876903,-0.2115733894043169,0.0,-0.42879999683178405,-0.2929847345495995,-0.34717418491282975,-0.3897295289975635,-0.2663866764030063,-0.3101278466505498,-0.24807056627302532,-0.16611048195653644,-0.24241497506736642,0.07278998908291787,-0.2583444850887,0.06881820455195511,-0.5188489099345697,-0.17951303857391931,-0.29737309247443544,0.1066677313365312,0.11366096782205716,-0.21708377534852996,-0.11345275313729139,0.0728752825439734,-0.3515812814208513,-0.07511592696556445,-0.29407429070228186,-0.16936826397988153,0.1618482698087834,-0.19801969908481032,-0.3616535296669796,-0.19721341971251144,-0.03146139199388695,-0.32724100953312746,-0.31094854481783984,-0.2513378357725469,-0.14833674762118781,-0.24162674160922998,-0.5065557480182379,-0.26494620828313564,-0.5118041208700012,-0.19151037487474232,0.21850904809735222,0.17054223845282374,-0.2309485803134017,-0.20831911137708287,-0.10373010796125676,0.08324855962112332,-0.0415590369311655,-0.15826189783280697,-0.31291655620583525,-0.14471424315950923,-0.23333187674382647,-0.2578407299478376,0.0102320837804932
ALICE,0.3592220270430396,0.02357579629023855,0.2715771521963888,0.12450821947105987,0.0688727026366818,0.2522686083334019,0.3137518269500137,-0.057331219979867655,0.34410275079062225,0.07631073243128952,0.18054998124559501,0.15354964663708992,0.47350598623525086,0.18355200748547695,0.24722564964875482,0.17234491970671897,0.0476672662041948,0.22683665290960842,0.24542697923988432,0.16264622404547546,0.42879999683178405,0.0,0.32943596035558914,0.00874161078567129,0.08475094181051333,0.210152486098609,0.2414916912833821,0.23027597640520178,0.19303367547522193,0.17008727195926143,0.35647086657303645,0.3274422314055998,0.3504095892691382,0.17570040848022284,0.3194118506888946,0.30618749366501086,0.6328585676533135,0.32984753322074745,0.12909872413020598,-0.3530120692265859,0.17865744053190716,0.2597679233971337,0.2832143879586913,0.3282492799158388,0.2730370486629758,-0.46023172291772285,0.41486979264387125,0.18099432985022793,0.5553153950628861,0.5193847156619524,0.29407815038580576,0.1961149466616549,0.1532666618966193,0.13835643444038173,0.198049731471552,-0.18167286556409087,0.2781071313354226,0.0030869537839956288,0.048363079380633,0.48637123666628823,0.4408106934913195,0.24508395147069398,0.20469503061125538,0.6587713960096307,0.37311541262476866,-0.015718737380474912,0.24070101556994936,-0.04098890350748095,0.27743614187533466,0.2128271653296039,0.19514671336451478,0.3402923048750283
IOTA,-0.22524164732960417,0.32892977971485615,0.3479309803535027,0.07288205463755863,-0.1471389893516295,0.22437014834166613,-0.009575605949137943,-0.22245870475657142,0.04020675962932371,0.2064157287431071,0.35794862526514987,-0.09236360978796104,0.47338701847116316,0.17365300202683956,-0.16466731844035143,-0.028473368006416144,-0.13273391562899978,0.14990591029301187,0.18396706501656226,0.2234665929344467,0.2929847345495995,-0.32943596035558914,0.0,0.08531142682908521,-0.1924178810984034,0.084365214337465,-0.004374116113124309,0.08274896492052927,0.19122756954140094,0.08094652948499508,0.27317960178239203,0.07819355858012188,0.49693583581899364,-0.186171005097596,0.13315555356602332,0.017211269396444257,0.32038731668574433,0.4683190301137917,-0.12636137377215845,0.031079126102110693,0.29648706130619296,0.0022327123355970254,0.30506472663732925,-0.08926327445257358,0.10027071190319756,0.28930156544047647,0.12230286383478114,-0.1714355657318143,-0.21039998601069315,0.0514242801981626,-0.052126015436771436,-0.02112623155081608,0.07830133994217872,0.3520472580319317,-0.058596324658667376,-0.16248282507068648,-0.025354098384161312,-0.26571768381510524,-0.34335244313649593,0.598565443938721,0.20382288960627917,0.11346199948022917,0.21291232107971003,0.09988152870312311,0.04135339943171698,0.35188196817727335,0.21123692684605583,-0.1401287734494767,0.1937575314567393,0.17396071353684864,0.08840076531683289,0.324857218943629
LINK,-0.09493128192705823,0.2740755780630809,0.3075441975592396,-0.07569861029290996,-0.03354515640720787,0.25397470295590363,0.16932089633173694,-0.25441107204109126,0.07549262629051015,0.1357630502787979,0.06265629034884726,-0.05155338660364159,0.45941595600940427,0.17252020307002855,0.05933553945793482,-0.03562400378951795,-0.0778240770589253,0.08422258375031623,0.08281843105236074,0.26169459474590023,0.34717418491282975,-0.00874161078567129,-0.08531142682908521,0.0,-0.14621896226143655,-0.024523458309923946,0.0251627748131103,0.16883910969543225,0.09831674577445028,0.16117572729789822,0.2305645418610712,0.04815736149066313,0.39294462570726885,-0.14788655919066104,0.15316264528667128,-0.08041594028460504,0.2594994817375881,0.3943215886929892,-0.011445386418401676,-0.15200388477794113,0.349866860069273,0.02274537876199738,0.28878844652314145,-0.009101788096060548,0.10192958055685863,0.04653465433560447,0.0989760594218317,-0.2192888623291299,-0.2682090688304821,0.026566960990026228,-0.13836950871049086,-0.05615156918885705,0.04905772243935186,0.312952538876018,-0.05103045382643581,-0.16236979859947157,0.025081333413379675,-0.14208463133218158,-0.42213588038965577,0.4240233771061195,0.3143323355066866,0.13948747089245236,0.11669065764037023,0.03729137755393454,0.15819444104739466,0.3914339360916228,0.21468534671992456,-0.31502741666036893,0.2355345235687701,0.1901904235733503,0.16327530254735342,0.3266741521915475
XTZ,-0.05703105231171147,0.4181859615020992,0.44947382809939096,0.26579560997620894,0.00596523584720976,0.3822085936723048,0.05832457444805415,-0.002307377964454179,0.20896975131236953,0.3444269399979506,0.4167507163803217,0.13244688941113783,0.47873559025216156,0.33480611550313133,0.05050705225765263,0.1701144909685706,-0.005084187927996517,0.3965458148083763,0.3701762180108181,0.35408027797868186,0.3897295289975635,-0.08475094181051333,0.1924178810984034,0.14621896226143655,0.0,0.26976764140609655,0.24147259279838396,0.24113634131238998,0.3691450415677548,0.28449974813152146,0.3598206977638753,0.2186719264039411,0.6383321945597766,0.020099542333448017,0.33294278595419613,0.20934717711833023,0.4029568973299501,0.5679777838607438,-0.0717461719165096,-0.20259226469088,0.27507196376242826,0.02241612543748605,0.36053556477951026,0.14532800505975169,0.22570184801034882,0.1121725283177917,0.275707459462176,0.08251377020521697,-0.07978467620034277,0.2224464351614944,0.010288379510571821,0.19155847356533606,0.2365039017998432,0.45269601434860995,0.11531446970076042,0.1376148204285053,0.16452104410468307,-0.16998853851616708,-0.2716791771856697,0.6291736555784527,0.26100900357922574,0.2073750002987185,0.3568414815418183,0.2064192190006853,0.07813411341334157,0.11560656079859029,0.3839768132826824,-0.007326504498427894,0.26683255593102745,0.39060742601804965,0.29831764268600763,0.5244969955432222
LRC,-0.1715609387374309,0.1351845486721235,0.2494332211386586,-0.11135552405067828,-0.05496206011576001,0.12790400253844855,0.06563673641608662,-0.33980944660876705,-0.007226001911149166,0.09729946693903999,0.23789085578922586,-0.09162694580456307,0.4612272500805146,0.057328141718373644,-0.016848717790216322,-0.029905504394753632,-0.21411789460264627,0.09937500747878325,0.08038916964775049,0.11043868004544095,0.2663866764030063,-0.210152486098609,-0.084365214337465,0.024523458309923946,-0.26976764140609655,0.0,-0.07245093103466943,0.012697478929641293,0.10805640205569869,0.0673319721822051,0.2436972297244934,0.17557707781820428,0.369140908357244,-0.25844118996614,0.0974875296535727,-0.06221618613120097,0.3265179763200744,0.47133578599791587,-0.11966563347266161,-0.101429641625638,0.1716812448962807,-0.02443495541048301,0.17022695798298135,-0.030542888644260004,0.14757138239781215,0.1295665848189301,0.06290137428416887,-0.20119370210924797,-0.08656862528170158,0.009722611893678873,-0.13954208388572986,-0.07789447574439144,-0.013531691502622373,0.21825224107779825,-0.12552665478524533,-0.3368373710474075,-0.03423844982114568,-0.21142762285484046,-0.25438669533383784,0.4706241403927599,0.25878057394272164,0.09452034864046086,0.11412103279926407,0.05960411126435647,0.13047339085988885,0.19215141580144673,0.1446709001038736,-0.2823598229175237,0.13747652902421503,0.05791926445012596,0.040998013531847566,0.27644350602033224
ONE,-0.2357321311494677,0.19946628136408615,0.2855513257365839,-0.015336352167807682,-0.20835141119540945,0.13381065882361498,0.0992450828050868,-0.3064491899932591,0.04302060322246026,0.17359293224867334,0.25772225785894953,-0.13909596730954002,0.4395521413333392,0.11215318570568038,-0.11436064178785348,-0.07631273055793725,-0.1525476884103913,0.11016462570491449,0.1203880018423761,0.1682332761959684,0.3101278466505498,-0.2414916912833821,0.004374116113124309,-0.0251627748131103,-0.24147259279838396,0.07245093103466943,0.0,0.0211116475189477,0.08504195504628782,0.09011318679800986,0.25532450245804533,0.09284999899772273,0.45910117063442246,-0.2736538525743623,0.10722864687261928,-0.03843350275909692,0.36885006292052736,0.40915059916921104,-0.19410105511670298,-0.16474369506679318,0.14328873851673074,-0.09196630862452299,0.1809481751823821,0.01585999767736579,0.12105448403325908,0.012840302347497778,0.07878363774069654,-0.17096698251782344,0.007307538134737557,0.026912840750055584,-0.03605297028953761,-0.08892825868685103,0.023199270833804353,0.2750619281552268,-0.018872062913107224,-0.21801226594467932,0.0391891824641156,-0.2852732099420128,-0.33839841898261735,0.5569254858026604,0.23558402654748423,0.04076533777165277,0.1459783367978619,0.16298421628043294,0.07500309450322393,0.22485135012922772,0.19631994550429535,-0.16999752467065335,0.12654015731675455,0.1409457017463748,0.043504096772109146,0.2753214445860229
SXP,-0.18403104967386694,0.0959126339229464,0.2203900349074437,-0.11105383741328007,-0.18950822510477172,0.11345617817752231,0.11325581981065236,-0.43551733750627686,-0.005722909067598425,0.10577605508935492,0.15613397736611284,-0.13071667193895822,0.3728929174743507,0.1807396502612184,-0.20389843526610546,-0.12320350006117657,-0.22008275370023933,0.08449518821412555,0.04809433902374251,0.08688617125877285,0.24807056627302532,-0.23027597640520178,-0.08274896492052927,-0.16883910969543225,-0.24113634131238998,-0.012697478929641293,-0.0211116475189477,0.0,0.10373005426732305,0.034552669784113005,0.19055621677106777,0.04101606796923425,0.3496592916880158,-0.3312903086350154,0.08331368210887076,-0.08902602000126585,0.3281130472839925,0.43094316431815877,-0.14999166982630205,-0.19690982482711128,0.26222331558204226,-0.13568830335999701,0.11520400674161782,-0.13452058185552976,0.0971208131829373,0.09854143534194665,-0.0029269440806443323,-0.15693924930864322,-0.1927535290667786,0.03878811988001936,-0.21739248536421873,-0.12612548331950865,-0.0636567350651999,0.21219054772345125,-0.17857353483715993,-0.39228658956089013,-0.031810259801377756,-0.3164921123979486,-0.38123388120079127,0.34563804513559004,0.17142968955573895,-0.027843129811036607,0.09550897823280162,0.036450089579753514,-0.035592653508371014,0.28259569484354563,0.0767176221876747,-0.3232433083068194,0.10383710411213645,0.1026159358755308,0.059714590920941654,0.2990176362276948
KAVA,-0.16666804589908985,0.033273161036043414,0.16189428737420417,-0.17598782989097583,-0.32088889305079527,0.11565144606377906,-0.027018951069983192,-0.4811155854048367,-0.024611001534462766,-0.02340911778388905,0.11519760419998076,-0.16877615168345386,0.35415985874480793,-0.05430760341473494,-0.06462168232822917,-0.11190583942899811,-0.3055418756025401,-0.0289199965080965,0.023301009250636,0.02835434961357193,0.16611048195653644,-0.19303367547522193,-0.19122756954140094,-0.09831674577445028,-0.3691450415677548,-0.10805640205569869,-0.08504195504628782,-0.10373005426732305,0.0,-0.06773644893479094,0.19894342394561404,0.05728800137454853,0.24365664557891897,-0.386903826670166,-0.019143810430517924,-0.21563784103322126,0.29044309350010566,0.4647572779844212,-0.25779536122182967,-0.15343027702804984,0.10032074648567149,-0.07575598033151808,0.15095840896586626,-0.07873181113704804,0.11468726073904874,0.07406258367865898,-0.047259339092993194,-0.2056354349026992,-0.2367697284000665,-0.10608727066309614,-0.19039164151170784,-0.15749506904778043,-0.05811572412821886,0.11204266941290326,-0.3104840604899028,-0.3657772781250157,-0.0703515952293139,-0.3211749341628862,-0.25869637785682065,0.5021820118488228,0.21730871455842699,0.00812052704024881,0.10636698777851648,-0.022442997032526335,0.18905546552432306,0.28563281262545104,0.1092848523159742,-0.28963432259370814,0.04882075816187774,-0.02080982361761923,-0.08984344413335796,0.19512344399298218
AXS,-0.12068733448564259,-0.011317501748908238,0.16647772790301643,-0.18895059726160632,-0.1775597845212868,0.10432792647330735,0.010965709086512544,-0.40810342441292347,-0.02090370972017011,0.008664594462304082,0.13765613152868997,-0.11581863824983155,0.41218978330042355,0.048090560666423615,-0.0172142340667243,-0.14168630947027844,-0.26161486220932717,0.025536839014554055,0.01552147726135907,-0.0017742476390035788,0.24241497506736642,-0.17008727195926143,-0.08094652948499508,-0.16117572729789822,-0.28449974813152146,-0.0673319721822051,-0.09011318679800986,-0.034552669784113005,0.06773644893479094,0.0,0.24890466046974824,0.018767885061677318,0.27944961849095756,-0.26359240195664624,0.06489352393263617,-0.10847654762352925,0.29039867680887554,0.40179089729326745,-0.13671153049952436,-0.27121991816057267,0.23131744311055114,-0.06775328941894429,0.15892875953942606,-0.029471067941717128,0.04064940366972936,-0.0749204702582806,0.04552007783000583,-0.19759588835545647,-0.054724762655049955,0.12530327475646344,-0.19246578563636818,-0.12421092668581636,-0.06557390372175279,0.08384837257428354,-0.04105888784404202,-0.354437704032474,-0.0761574676738347,-0.2788144094244182,-0.32789314563634064,0.4018808574335104,0.2758761159580759,-0.02947207562751049,0.04528378301396599,0.13440191843958754,0.10525939458866358,0.1642335649776565,0.04981043251940138,-0.30443399264015714,0.08662828509330975,0.0036565817268803813,-0.0022274490992995055,0.21703106079518494
ADA,-0.2178413080784059,-0.0805948392700223,-0.04436980793174017,-0.22914013142716366,-0.2990944446914574,-0.08593704764643542,-0.1358280580082573,-0.5062196926515786,-0.1599708761720488,-0.16528899804913988,-0.07087482889720068,-0.3410981308370589,0.17217111763614507,-0.23132044154181716,-0.16191406075351839,-0.2775467446345708,-0.3931028954396006,-0.19189211659422867,-0.1581894390033027,-0.014257420863771336,-0.07278998908291787,-0.35647086657303645,-0.27317960178239203,-0.2305645418610712,-0.3598206977638753,-0.2436972297244934,-0.25532450245804533,-0.19055621677106777,-0.19894342394561404,-0.24890466046974824,0.0,-0.14592874322883564,0.05658812800971405,-0.33876660616159715,-0.16803305861398293,-0.2118129879478468,0.10401360011958097,0.1128645870675203,-0.3420959881569286,-0.09854861660968307,0.1250817326212925,-0.22525972560826074,0.009382160552579205,-0.22836851267411695,-0.15588796737603774,-0.022465966073356852,-0.05969552391952856,-0.2906616094968602,-0.2596515699962655,0.182263257455052,-0.20750042975250116,-0.20451030816850102,-0.26884294278321386,-0.085013176684793,-0.2303417682207856,-0.3413962401856945,-0.2514263913448041,-0.42276572208011043,-0.46554544272105197,0.3261274796905727,0.2505171372072923,-0.06564684396848641,-0.1680523490910596,0.04173299667435082,-0.006719381866949314,0.10130699874313799,-0.0543752112677368,-0.42503503221877414,-0.012129450937987868,-0.16746349822041404,-0.26611884503152733,0.004750634703619923
SOL,-0.15437977500331357,0.12586834606667163,0.16501545541044732,-0.20305434855622856,-0.06185514928807467,0.10029509588974438,-0.044239529654189994,-0.40568995571679717,-0.09089109504896972,0.032381535749236495,-0.047866164618582306,-0.09773761355230416,0.4574625103738761,0.12018869110167243,-0.2646206422862288,-0.13565414134269888,-0.09761122863782003,-0.03982455946976391,-0.1047691096971528,0.14910398778557538,0.2583444850887,-0.3274422314055998,-0.07819355858012188,-0.04815736149066313,-0.2186719264039411,-0.17557707781820428,-0.09284999899772273,-0.04101606796923425,-0.05728800137454853,-0.018767885061677318,0.14592874322883564,0.0,0.24811775820388843,-0.270600478905915,-0.010148351190277113,-0.08424388519866483,0.2421085916255468,0.1911617440455981,-0.03560739300544786,0.03637970749118832,0.17665106310962586,-0.10669910485370593,0.14197724396448413,-0.1901336702687451,0.22510084991515172,0.1400988433295034,0.03231090758984512,-0.34848763079981604,-0.19169357734399162,-0.058068216988561766,-0.02310692210495601,-0.21059009740660972,-0.12803215061341083,0.20585377157490048,0.16171535962727768,-0.5045045608827803,-0.024107238752139742,-0.20344934093108805,-0.2984516809418565,0.44846640448049624,0.2734938744467371,-0.0004403948402303742,-0.04363665594390938,0.09401299191815145,0.10295944203596008,0.15773973700573632,0.16752415714487767,-0.3357084515281734,0.08414277768482362,0.025532711110743095,-0.08007361820661021,0.11526529968991786
ONT,-0.5001150037716294,-0.23192046234595864,-0.1420060650308521,-0.4660014233596481,-0.4173094329129804,-0.216001233916101,0.03885804661692238,-0.7257268133134052,-0.3542926927390661,-0.1987510055688325,-0.09450073575280497,-0.49461217537568236,0.22153667528991997,-0.30569606629579266,-0.3445848965661704,-0.4392141935807253,-0.5793218449267311,-0.35003482675348735,-0.3419103415140983,-0.209217167721935,-0.06881820455195511,-0.3504095892691382,-0.49693583581899364,-0.39294462570726885,-0.6383321945597766,-0.369140908357244,-0.45910117063442246,-0.3496592916880158,-0.24365664557891897,-0.27944961849095756,-0.05658812800971405,-0.24811775820388843,0.0,-0.6135557875691602,-0.33968094804399107,-0.4746086522091586,-0.07580312117861492,0.09059038917397384,-0.4881095821658023,-0.07740936626282642,0.033800748395562685,-0.3497473045673123,-0.16509176761023767,-0.3940331458324551,-0.2519132985126846,0.04078291908626788,-0.2681238067414298,-0.5064060447134305,-0.30741040679698683,-0.15749043364722237,-0.27504300706601537,-0.4591193712685247,-0.33501511906575854,-0.1320227478960813,-0.41591800264819456,-0.6113584146624933,-0.3890733557886453,-0.4717728204728796,-0.525963602976149,0.1760816756278712,0.12459601724747653,-0.35039309596954776,-0.22446363110749135,-0.13998175652843595,-0.07594684883190084,0.33650736233817674,-0.2606716806262246,-0.5498516928978923,-0.12779211498458393,-0.2948414605550713,-0.36653862845284846,-0.10671807647831115
ETC,-0.02896227825669561,0.4588529296754035,0.5756301651236341,0.20332976340048242,0.08329759138269081,0.4625902886204384,0.1920891510228908,-0.14179478309699406,0.25911172402490906,0.15028570821516873,0.3192675738473092,0.2051201450262337,0.6582801473253717,0.4034518716960412,0.0007849106498677288,0.1756829920661714,0.06674555765601711,0.3223678332473714,0.3054012376873453,0.48690070286143095,0.5188489099345697,-0.17570040848022284,0.186171005097596,0.14788655919066104,-0.020099542333448017,0.25844118996614,0.2736538525743623,0.3312903086350154,0.386903826670166,0.26359240195664624,0.33876660616159715,0.270600478905915,0.6135557875691602,0.0,0.33784284049329083,0.20251363644404813,0.5221115719202198,0.6648511802171545,0.1541891460459062,0.06765630350815628,0.5479460244138369,0.1351629324953283,0.45666412816471436,-0.020925252498089207,0.4102818978122893,0.33770153946344356,0.25224707550534936,0.003911157742670968,-0.0883338181226963,0.0627566079152595,0.06421945277535761,0.20609324540893859,0.2777479361168878,0.5990259323302105,-0.050436590791526376,-0.17383004069801467,0.21194345231516942,-0.051221252390141345,-0.030001482163388868,0.7532461684015459,0.37822670717085005,0.38819219139250816,0.39401398335432125,0.30991043035751104,0.3141066588508626,0.3972287133594007,0.41159813350346175,-0.1590433884481078,0.3838795649375556,0.3507533759855186,0.30110066364950655,0.5593213081210814
MANA,-0.23786582789822466,0.0551143033485313,0.14685022862637614,-0.11477358040799993,-0.262216002152579,0.09170531885994121,0.0817599722124293,-0.4288139924735019,-0.03457398192867096,0.07460158941432964,0.2155974788246116,-0.20756712799169103,0.341308923582558,0.06200688259709781,-0.2399682247660379,-0.18743239769132083,-0.300726546212817,0.012460426076341978,0.02561613019383809,0.010132098931982775,0.17951303857391931,-0.3194118506888946,-0.13315555356602332,-0.15316264528667128,-0.33294278595419613,-0.0974875296535727,-0.10722864687261928,-0.08331368210887076,0.019143810430517924,-0.06489352393263617,0.16803305861398293,0.010148351190277113,0.33968094804399107,-0.33784284049329083,0.0,-0.13530494681804964,0.313506110933225,0.33956642477508714,-0.19433056454328076,-0.1570476185790986,0.15430131932698865,-0.1729977791365109,0.13444041455407524,-0.14311387172630433,0.018850918176929722,0.10094507021487435,-0.006704057627794309,-0.24257186329749206,-0.1919322974745553,0.05360779860307407,-0.2104903397759473,-0.1703109058669472,-0.12355280092875136,0.12907600835140232,-0.12651030080209455,-0.33817058812564715,-0.09855403494737128,-0.4065919804216157,-0.39549710083992806,0.44538515657020616,0.14881742736556938,-0.04625547671450865,0.034721078696535054,0.033476154495712174,0.03956007839221806,0.22699608254054787,0.049806884580329225,-0.25005272640673915,0.008866408546224978,0.046792775355711864,-0.05258459690870977,0.1930168019836034
SNX,-0.28515976360354833,0.3620952073260427,0.3487809422278546,0.0400850577386513,-0.12790348412767535,0.2667850626039535,-0.007050262089486017,-0.21642195772902995,0.022361698403338702,0.2562273577148127,0.2947113980701868,-0.05436864869566025,0.39921690111769725,0.24698450837353875,-0.24711454413492998,-0.01581621483771261,-0.09666071913736858,0.1640837355188423,0.16770766250035898,0.24327628745780058,0.29737309247443544,-0.30618749366501086,-0.017211269396444257,0.08041594028460504,-0.20934717711833023,0.06221618613120097,0.03843350275909692,0.08902602000126585,0.21563784103322126,0.10847654762352925,0.2118129879478468,0.08424388519866483,0.4746086522091586,-0.20251363644404813,0.13530494681804964,0.0,0.28447367068626983,0.4936032770581733,-0.1341462132218172,0.1168847398651949,0.2625134916087325,-0.05189772252884493,0.25908194313644534,-0.14585662323972912,0.19019512653240214,0.4218686096013844,0.08186027850626698,-0.17274046656859066,-0.32196475010494563,-0.10253171030928082,-0.13622705977343919,-0.07003139711811747,0.08277456424496488,0.4068037133950939,-0.009431512880760773,-0.11041763769641916,-0.0035922186625910874,-0.27251804258453033,-0.37651436957177487,0.5432228233526588,0.10211053037569984,0.047744069298111105,0.274229772676997,0.004536160499147769,0.015428489990765099,0.44369906737252196,0.26851713882078115,-0.11653945555451685,0.14802344197145706,0.21269941781824359,0.11273105666229263,0.33643651086942006
ZEC,-0.4879055068478386,-0.09520036145539437,-0.15765814735006564,-0.2833864701154156,-0.2966106937882547,-0.22100209279008348,-0.00874557813480984,-0.5275267183371086,-0.35059829500965867,-0.04740265336571145,-0.014074327334100536,-0.38210210501886843,0.13136565973176123,-0.16852124502415444,-0.6429885842477582,-0.3792311150280286,-0.42611839669740825,-0.17386480817761873,-0.2803080448883633,-0.15329442326530862,-0.1066677313365312,-0.6328585676533135,-0.32038731668574433,-0.2594994817375881,-0.4029568973299501,-0.3265179763200744,-0.36885006292052736,-0.3281130472839925,-0.29044309350010566,-0.29039867680887554,-0.10401360011958097,-0.2421085916255468,0.07580312117861492,-0.5221115719202198,-0.313506110933225,-0.28447367068626983,0.0,-0.17328720183059446,-0.2836925747186642,0.12840202774256934,-0.11925177742539818,-0.4941183273145253,-0.17893286331204816,-0.47376665834993265,-0.13495156151812066,0.34398780004019774,-0.24532901300002674,-0.5106878484469293,-0.3185382527897469,-0.16163205222456742,-0.174166319191002,-0.4114963439417434,-0.3539364482809154,-0.061615863515066024,-0.11399909253873192,-0.49093550634438377,-0.2746748329491825,-0.5411644703973764,-0.30773490790608965,0.18894316626285076,-0.032205310256609096,-0.29466702730385075,-0.3001579213636994,-0.18722563098989567,-0.133001060343584,-0.04127834760561852,-0.1442454919770671,-0.19547360712537742,-0.2498234604181631,-0.17368263900822237,-0.35861725262045524,-0.13890782408289326
CFX,-0.34148431030591675,-0.39733609065161873,-0.24699443572334673,-0.5249573235648193,-0.5382072500752633,-0.30675802139436037,-0.06844556924608523,-0.7911299541319855,-0.2776472584310529,-0.2294635381774781,-0.23063822012056753,-0.5135151350678497,0.06274586777735577,-0.38150461259670054,-0.37092004018022795,-0.47832117865421736,-0.5612707374124918,-0.4093154783444487,-0.3599745653117025,-0.3785701277242958,-0.11366096782205716,-0.32984753322074745,-0.4683190301137917,-0.3943215886929892,-0.5679777838607438,-0.47133578599791587,-0.40915059916921104,-0.43094316431815877,-0.4647572779844212,-0.40179089729326745,-0.1128645870675203,-0.1911617440455981,-0.09059038917397384,-0.6648511802171545,-0.33956642477508714,-0.4936032770581733,0.17328720183059446,0.0,-0.34698742597973564,-0.2556108417294297,-0.31240195211764865,-0.3850421189652249,-0.2050489343627428,-0.2657814923754952,-0.23234554700266308,-0.14117884213805515,-0.2827691931085071,-0.5120895783922853,-0.24566922673881558,-0.22920897872964252,-0.4459976208849511,-0.5401794745887696,-0.5459649720864298,-0.3113294983338667,-0.3064631094635457,-0.7384895772512643,-0.34308577375224475,-0.5401559617151995,-0.41687790185631557,0.13906263640348432,-0.028709184833798043,-0.3069511824569668,-0.3048670201220376,-0.2592329697040292,0.03456133172813497,-0.04430373567354598,-0.2503943984007948,-0.4141593338836369,-0.3397771449119471,-0.37630776927904425,-0.43967581415400847,-0.2453465811910477
YFI,0.009518971337113883,0.3170667460031905,0.356748714925001,0.2263250878303265,-0.07487111854815286,0.20398707075808867,0.12383565219184281,-0.13202826371918344,0.14264099253482262,0.304067653307317,0.2898373017795477,0.12154743124080615,0.4131741083122425,0.2738746998304795,-0.10237937562665711,0.044922219946974866,-0.026992821049234166,0.21612197486570792,0.25388058330011865,0.24889104041594826,0.21708377534852996,-0.12909872413020598,0.12636137377215845,0.011445386418401676,0.0717461719165096,0.11966563347266161,0.19410105511670298,0.14999166982630205,0.25779536122182967,0.13671153049952436,0.3420959881569286,0.03560739300544786,0.4881095821658023,-0.1541891460459062,0.19433056454328076,0.1341462132218172,0.2836925747186642,0.34698742597973564,0.0,-0.19839096457934802,0.34207693059570393,0.018214025756762005,0.3134356883861148,0.0006141416409274625,0.08000225636467215,0.12576168035668736,0.17465574041540716,0.14981908591222398,-0.1066239141380451,0.17469217705276582,0.02487326222356128,0.0965615997410347,0.19304823200827226,0.3528353524201442,0.03539011708704015,-0.07133920840060212,0.15722713412013983,-0.08917198937783631,-0.002384358123024982,0.47578514471924693,0.31362484310447397,0.03353653094887041,0.3540181496873269,0.18764440851741185,0.20137007243875465,0.32538842706927606,0.28921504320586483,-0.014732661565685971,0.21633480502584496,0.270177986817423,0.17347400103346905,0.3780043110823529
WAVES,0.03527087245125127,0.28488833681267994,0.16581664618544167,-0.011132683404720678,0.08507825686362017,0.1400107760975311,0.042357632744265225,0.09683273926917187,0.0661185876306852,0.19502826010707158,-0.03002307158030923,0.18161647201540573,0.0039015975265661307,0.21356086927832024,0.11826595773692905,0.18640189711828847,0.20452824247791784,0.15782614271722128,0.057416482439360844,0.2144857243268173,0.11345275313729139,0.3530120692265859,-0.031079126102110693,0.15200388477794113,0.20259226469088,0.101429641625638,0.16474369506679318,0.19690982482711128,0.15343027702804984,0.27121991816057267,0.09854861660968307,-0.03637970749118832,0.07740936626282642,-0.06765630350815628,0.1570476185790986,-0.1168847398651949,-0.12840202774256934,0.2556108417294297,0.19839096457934802,0.0,0.16825606493180473,0.12244460451855858,0.09195213223031032,0.059870233481061505,0.09734453109792285,0.2405833261213044,-0.08300134301152795,0.0893617617194335,-0.3308466833019369,-0.37282002885372967,-0.19659491571421028,0.02634313386312001,0.1924096446944066,0.27752860659578515,-0.1401492566290523,0.13702217064971645,0.10426043751535424,0.27285599150418527,0.018860519281167085,-0.15851743289513434,-0.06432281498254144,0.003825417405542951,0.18741100715131592,-0.3739955237175231,0.01848684894573918,0.2748961671431167,0.16739849792257774,0.04295086277774191,0.10014710239290185,0.15494674295611166,0.26894497123124766,0.20192943970124028
LTC,-0.2582693528153081,-0.21206689178315546,-0.08216405260563162,-0.1987534734012047,-0.35856631291324026,-0.15330135687880167,-0.2751403842205236,-0.6363566587085416,-0.161011465425571,-0.29582692807256117,-0.21556333887719564,-0.21970052061427886,0.06008062853457373,-0.18406469834162834,-0.1987492745611564,-0.224976907708841,-0.42500354184845135,-0.19206658994587358,-0.201723871370315,-0.008789917068780156,-0.0728752825439734,-0.17865744053190716,-0.29648706130619296,-0.349866860069273,-0.27507196376242826,-0.1716812448962807,-0.14328873851673074,-0.26222331558204226,-0.10032074648567149,-0.23131744311055114,-0.1250817326212925,-0.17665106310962586,-0.033800748395562685,-0.5479460244138369,-0.15430131932698865,-0.2625134916087325,0.11925177742539818,0.31240195211764865,-0.34207693059570393,-0.16825606493180473,0.0,-0.1939399550593257,-0.14379955192097543,-0.24949396826525005,-0.1261503855052515,0.033521679929442175,-0.24246966567246847,-0.011504771299871264,-0.3309133514895777,-0.21906704525860388,-0.5157394378887559,-0.15708725760624254,-0.27611339820316005,-0.014423365334545205,-0.48943150849885625,-0.48738358457141273,-0.3022371648591628,-0.27299477507975023,-0.1674621636325374,0.24618317205251922,0.08710615261088642,-0.15735667997670988,0.023544261853012068,-0.15288532934664809,0.042580190932325804,0.0115189589990349,-0.06776583752568827,-0.5734119281480381,-0.1991140951949308,-0.30306203828223127,-0.24495173420427999,0.0300997459402301
CHZ,0.02447254419310957,0.1592233977941178,0.25120256854974277,-0.04490956287787004,-0.11066958386193415,0.2194028417224681,0.18893685926852513,-0.29511861781624815,0.08212217651223343,0.13539122043066407,-0.0032979497054310943,0.0155527653975812,0.40582737211611697,0.1322663594379859,-0.11482204991556827,0.06131019485661367,-0.12872884501105092,0.20645367814329318,0.14695832384130242,0.21424754427503132,0.3515812814208513,-0.2597679233971337,-0.0022327123355970254,-0.02274537876199738,-0.02241612543748605,0.02443495541048301,0.09196630862452299,0.13568830335999701,0.07575598033151808,0.06775328941894429,0.22525972560826074,0.10669910485370593,0.3497473045673123,-0.1351629324953283,0.1729977791365109,0.05189772252884493,0.4941183273145253,0.3850421189652249,-0.018214025756762005,-0.12244460451855858,0.1939399550593257,0.0,0.27883037179303716,-0.06218609996690702,0.21077107242558407,0.11770531630573432,0.16235136646010237,-0.12175645611984215,-0.2247470038666165,0.1248108288268467,-0.11182613192084784,-0.0076248928521229845,0.014246636051773967,0.2654543223411561,-0.08491152128202861,-0.25344466979675767,0.07543537305811382,-0.2765472324484406,-0.2310823771390862,0.541466199194109,0.24819597955366351,0.13432970290174914,0.17513870853035413,0.17243462215793076,0.2523838913462046,0.08730774020960447,0.24260781692168382,-0.0752946493375028,0.14267394997124466,0.16897925598480792,0.08190579747865079,0.36190928465400013
XLM,-0.34209108300365165,-0.05651417659242536,0.0437524334355293,-0.18557475382784347,-0.36077467422713166,-0.0645805725381173,0.16503878249973408,-0.5639199445218853,-0.13890560970607674,-0.11624469317164002,-0.111024571705659,-0.28244877415185227,0.2542454970830483,-0.18324591423802725,-0.20206766950095348,-0.29056507839287005,-0.4317443025085084,-0.150469842815534,-0.11594107095282999,0.008410893884503667,0.07511592696556445,-0.2832143879586913,-0.30506472663732925,-0.28878844652314145,-0.36053556477951026,-0.17022695798298135,-0.1809481751823821,-0.11520400674161782,-0.15095840896586626,-0.15892875953942606,-0.009382160552579205,-0.14197724396448413,0.16509176761023767,-0.45666412816471436,-0.13444041455407524,-0.25908194313644534,0.17893286331204816,0.2050489343627428,-0.3134356883861148,-0.09195213223031032,0.14379955192097543,-0.27883037179303716,0.0,-0.24993755865471723,-0.14310681657216012,0.09143755448693511,-0.13487316183917494,-0.27360459816845795,-0.2730198287350355,-0.1038743834686246,-0.2715284085918567,-0.2070146270631043,-0.17007071392522458,0.04142366855516155,-0.4115364944090101,-0.37958503740567506,-0.16081713643878437,-0.43774195522592696,-0.3200241090148475,0.34899188694574057,0.2248368647345242,-0.05127801626793384,-0.022555238706281518,-0.029630107517893387,0.16266790912625223,0.22608490922926097,-0.03354885421691681,-0.3821904058753358,-0.006298491293327962,-0.10888670766098915,-0.19228209974440083,0.08853921050818749
COTI,0.026318273159829667,0.11404252122654294,0.18238463274354133,0.014135106171280576,0.016438136759990674,0.19483773900859336,0.28862781527418646,-0.20659446982846846,0.14737581720685192,0.07433146314474709,0.255123619180084,-0.09377386786257669,0.4635593676345533,0.11235323595225341,-0.10593908312660236,-0.0025555416619070445,-0.14656148368384286,0.10605704687232352,0.0746310551373828,0.15805416701113303,0.29407429070228186,-0.3282492799158388,0.08926327445257358,0.009101788096060548,-0.14532800505975169,0.030542888644260004,-0.01585999767736579,0.13452058185552976,0.07873181113704804,0.029471067941717128,0.22836851267411695,0.1901336702687451,0.3940331458324551,0.020925252498089207,0.14311387172630433,0.14585662323972912,0.47376665834993265,0.2657814923754952,-0.0006141416409274625,-0.059870233481061505,0.24949396826525005,0.06218609996690702,0.24993755865471723,0.0,0.10262861722526175,-0.060347760851782034,0.3311696395346264,-0.1311886257833676,0.16264956623303317,0.4933655286275864,0.12397577308081544,0.012366483756599425,-0.04370304830476582,0.1639206395533379,0.113085914409538,-0.287256958667359,0.012961318281342907,-0.22087535686379295,-0.3220820084689664,0.5160365974487413,0.3361231071192748,0.11383258611906465,0.03466581555670014,0.44196702523424075,0.19758041215252484,0.13477460462889385,0.14825376554086633,-0.21506461301919055,0.2103469646505643,0.14007282683477998,0.03653849709589812,0.2529735031597825
DOT,-0.28334770178724866,0.12065587573646566,0.16279486466368495,-0.1938276572919721,-0.31404747159286434,-0.006670217440578094,-0.15730733939175034,-0.3833459030385866,-0.12076313474362549,0.08861636317599546,0.026845547531522365,-0.17692564369687433,0.29244673151586975,0.0011572913476400049,-0.27694889774571635,-0.23019952122677334,-0.11360125401786245,-0.101578028421531,-0.08886233017162777,0.059148557606924605,0.16936826397988153,-0.2730370486629758,-0.10027071190319756,-0.10192958055685863,-0.22570184801034882,-0.14757138239781215,-0.12105448403325908,-0.0971208131829373,-0.11468726073904874,-0.04064940366972936,0.15588796737603774,-0.22510084991515172,0.2519132985126846,-0.4102818978122893,-0.018850918176929722,-0.19019512653240214,0.13495156151812066,0.23234554700266308,-0.08000225636467215,-0.09734453109792285,0.1261503855052515,-0.21077107242558407,0.14310681657216012,-0.10262861722526175,0.0,0.04483211397779338,-0.05483080087656224,-0.2948774787709242,-0.169482237151607,-0.09558982596328114,-0.15510578417957888,-0.26678118369139536,-0.1455565234204625,0.12751955477773674,0.10456356948543033,-0.33683433832891874,-0.06966177424927407,-0.25615449355896047,-0.3667230074648269,0.40591858216866095,0.12883417978833975,-0.09065743636685777,-0.03853724387972709,-0.008628519078672068,0.03660291001681383,0.08287747485622006,0.09223905878575842,-0.20175105422118184,0.013169713726571886,-0.039193035421028914,-0.10514281679536358,0.04814796161121506
OMG,-0.1407937709741152,0.09835810871131492,-0.035592593434768796,-0.1514717368497867,-0.19590972669240048,-0.0001983098292533958,-0.17349349664771382,-0.12432256944796766,-0.0661623396586663,0.09570250991025085,-0.07113829539656233,-0.08983923794582532,-0.18948920787583,0.04921753151353009,0.11377785048599412,-0.07553006168749776,0.02525369776572875,-0.08839057756921806,-0.10482254135278611,0.00258448843487645,-0.1618482698087834,0.46023172291772285,-0.28930156544047647,-0.04653465433560447,-0.1121725283177917,-0.1295665848189301,-0.012840302347497778,-0.09854143534194665,-0.07406258367865898,0.0749204702582806,0.022465966073356852,-0.1400988433295034,-0.04078291908626788,-0.33770153946344356,-0.10094507021487435,-0.4218686096013844,-0.34398780004019774,0.14117884213805515,-0.12576168035668736,-0.2405833261213044,-0.033521679929442175,-0.11770531630573432,-0.09143755448693511,0.060347760851782034,-0.04483211397779338,0.0,-0.3363338439136511,-0.023236760505963197,-0.5501821446110138,-0.45733882411502796,-0.3786221350834261,-0.13495454258410708,-0.03314337471699082,0.034134235609404734,-0.27630031814356876,0.07519131069991405,-0.025451018573277057,0.07280270010344363,-0.256549734162617,-0.28822815254827894,-0.13741468386971423,-0.1799336521683333,-0.029008376103992733,-0.6536314714726335,-0.22006672444403041,0.25803620210675965,0.0027020277471501986,-0.2087786052706418,-0.07344096498555676,0.03050086452130435,0.045856965679538106,-0.010719631942398583
SUSHI,-0.2962556365055191,0.16876433706245003,0.23418569520711707,-0.1598640331865004,-0.17242960161207202,0.09023783821108626,-0.015346998310910548,-0.410137553671767,-0.0956030196253746,0.025416574897078596,0.014264062830245658,-0.16175113272346403,0.36635649571702544,0.08262703604377586,-0.30906114365434534,-0.1510859586748717,-0.226521239215695,0.00980622122689781,-0.0037163183666299587,0.14540126899406625,0.19801969908481032,-0.41486979264387125,-0.12230286383478114,-0.0989760594218317,-0.275707459462176,-0.06290137428416887,-0.07878363774069654,0.0029269440806443323,0.047259339092993194,-0.04552007783000583,0.05969552391952856,-0.03231090758984512,0.2681238067414298,-0.25224707550534936,0.006704057627794309,-0.08186027850626698,0.24532901300002674,0.2827691931085071,-0.17465574041540716,0.08300134301152795,0.24246966567246847,-0.16235136646010237,0.13487316183917494,-0.3311696395346264,0.05483080087656224,0.3363338439136511,0.0,-0.35623729981091123,-0.2986727629029864,-0.10846479098505535,-0.16391671102299266,-0.20460728139102463,-0.06835442284349212,0.26620661471176915,-0.09127977745520477,-0.32765322846225964,-0.12868025320592036,-0.3381173659422576,-0.3292989027650702,0.44288657986752056,0.13520871288846759,-0.01842399742323995,0.11063302636223009,0.045681471538171335,0.007084876768326531,0.36024563479516375,0.11031023672338758,-0.20034796313034312,0.06038154610294833,0.03530705457600486,-0.030126447929371393,0.20354501291329585
FTM,-0.0403134962874972,0.3064214347840274,0.32345919651124266,0.10606328138041715,-0.04661284646154294,0.27345891554952817,0.0754352876210536,-0.09718829052916483,0.20012671042393024,0.3083381196671727,0.2993183357118302,0.004681257499363064,0.41636650762601535,0.2143759377718957,-0.09268185566763826,0.19394093758533892,-0.0041118468806998956,0.25871668767874956,0.24638964023188986,0.2904981628502603,0.3616535296669796,-0.18099432985022793,0.1714355657318143,0.2192888623291299,-0.08251377020521697,0.20119370210924797,0.17096698251782344,0.15693924930864322,0.2056354349026992,0.19759588835545647,0.2906616094968602,0.34848763079981604,0.5064060447134305,-0.003911157742670968,0.24257186329749206,0.17274046656859066,0.5106878484469293,0.5120895783922853,-0.14981908591222398,-0.0893617617194335,0.011504771299871264,0.12175645611984215,0.27360459816845795,0.1311886257833676,0.2948774787709242,0.023236760505963197,0.35623729981091123,0.0,0.06990303367998782,0.16055286413428704,0.07916320882388246,0.024284418424235524,0.09951073661635453,0.3928254163363488,0.20238037950538978,-0.07613806835939613,0.11889471545769907,-0.11717560751085813,-0.3119662669483685,0.6469102057415352,0.1734311253697124,0.041170062060887566,0.37195174133870307,0.29911223803890613,0.15980184090090735,0.2108931873775441,0.41252347791834953,0.04094430132162423,0.17416823037245974,0.2675959174955155,0.13504198697990893,0.3628289951537784
BNB,0.09225567596878981,0.3098833966314939,0.2518415423095879,0.11284977399505468,0.2645773697574637,0.17428800854999704,-0.05394094922696556,-0.0049776979695742365,0.010813267789884323,0.1782564476251301,0.32136826647481753,0.13446725999378772,0.4516719475914724,0.1808780299497629,-0.10852235285698181,0.13103415947984154,-0.05453671593939466,0.26382714594352175,0.16452737179580457,0.21180119310972462,0.19721341971251144,-0.5553153950628861,0.21039998601069315,0.2682090688304821,0.07978467620034277,0.08656862528170158,-0.007307538134737557,0.1927535290667786,0.2367697284000665,0.054724762655049955,0.2596515699962655,0.19169357734399162,0.30741040679698683,0.0883338181226963,0.1919322974745553,0.32196475010494563,0.3185382527897469,0.24566922673881558,0.1066239141380451,0.3308466833019369,0.3309133514895777,0.2247470038666165,0.2730198287350355,-0.16264956623303317,0.169482237151607,0.5501821446110138,0.2986727629029864,-0.06990303367998782,0.0,0.23066789624522022,0.08995748591498706,0.07004410501768508,0.1661518252036875,0.2749880308829005,0.24073261459227702,-0.1031799134273756,-0.0002749864446999484,-0.048231867398103034,0.13766470234529654,0.4599957570017769,0.3199679337962351,0.1365245885733308,0.22765729300412318,0.29146516731133504,0.24740085895489547,0.22073255304034084,0.3090669352738796,-0.007720050067290624,0.21050061001839118,0.08578054487741707,0.0977322708035528,0.267355314091808
UNI,-0.3413698324955839,0.17947891816658784,0.1795186702642393,0.04368449099389059,-0.0032872255441977333,0.08634342651592511,-0.23168899256761522,-0.2930278631961575,-0.062254548938087795,-0.1704251723259652,0.01617935558899467,-0.1028658135558502,0.21255542020836005,0.006975618976529104,-0.47693802141068337,-0.03614611618553276,-0.1693719772718057,-0.06000056814260152,0.0033470365289971146,0.3157610241218501,0.03146139199388695,-0.5193847156619524,-0.0514242801981626,-0.026566960990026228,-0.2224464351614944,-0.009722611893678873,-0.026912840750055584,-0.03878811988001936,0.10608727066309614,-0.12530327475646344,-0.182263257455052,0.058068216988561766,0.15749043364722237,-0.0627566079152595,-0.05360779860307407,0.10253171030928082,0.16163205222456742,0.22920897872964252,-0.17469217705276582,0.37282002885372967,0.21906704525860388,-0.1248108288268467,0.1038743834686246,-0.4933655286275864,0.09558982596328114,0.45733882411502796,0.10846479098505535,-0.16055286413428704,-0.23066789624522022,0.0,-0.06223065147110726,-0.055438031566945156,-0.1031157123270308,0.35734571204625337,-0.09258065738201607,-0.2324339627104418,-0.2511126565231205,-0.17977339533627545,-0.16910599443133928,0.5758404247006625,0.04336309718769876,0.026442654539043486,0.21881162940101634,0.2630969980455893,0.04803278499127167,0.37773604352004364,0.17737861311731143,-0.15206990795703076,-0.0002863400742953992,-0.030960400478330798,-0.13713126865747488,0.12923960655477232
STX,-0.08286612915514986,0.3373140655599085,0.37465115578773284,-0.018790422196113793,0.07389051273815134,0.16195443358280448,0.19837309402377667,-0.10522484123921394,-0.042211500538968764,0.19651969934740773,0.11583778856789848,0.05832074946673414,0.37273313649019474,0.15736618066268698,0.013039419932911737,0.08362618054398747,0.008259488073943617,0.1723331754380231,0.1762304228870517,0.30667155635462096,0.32724100953312746,-0.29407815038580576,0.052126015436771436,0.13836950871049086,-0.010288379510571821,0.13954208388572986,0.03605297028953761,0.21739248536421873,0.19039164151170784,0.19246578563636818,0.20750042975250116,0.02310692210495601,0.27504300706601537,-0.06421945277535761,0.2104903397759473,0.13622705977343919,0.174166319191002,0.4459976208849511,-0.02487326222356128,0.19659491571421028,0.5157394378887559,0.11182613192084784,0.2715284085918567,-0.12397577308081544,0.15510578417957888,0.3786221350834261,0.16391671102299266,-0.07916320882388246,-0.08995748591498706,0.06223065147110726,0.0,-0.02915937476918415,0.22108134100173477,0.33802325900990426,-0.021138030845769457,-0.027590644479181817,0.07180337637951179,-0.04761222892158365,-0.20777601476081695,0.40182454585144173,0.29582827216087487,0.1606608319874415,0.2797494067855846,0.24668613582276125,0.15814373397926215,0.4534452365222261,0.22493652303321332,-0.12118742101644531,0.36154377722161807,0.1389231002613202,0.15912325039347008,0.3612606363260496
RUNE,-0.09333158456472013,0.23214212595857844,0.3208576360427833,0.055279744670194406,-0.08539531121678082,0.23351345883141586,0.15757007703542797,-0.2964935051120548,0.10229953350667297,0.16028592100645506,0.20102557182469738,0.0008554922033969375,0.4790004710503507,0.1422600953294971,-0.13499470697268295,0.07291529276053954,-0.12330777488309262,0.131702233360185,0.11233460790771353,0.2680028029051984,0.31094854481783984,-0.1961149466616549,0.02112623155081608,0.05615156918885705,-0.19155847356533606,0.07789447574439144,0.08892825868685103,0.12612548331950865,0.15749506904778043,0.12421092668581636,0.20451030816850102,0.21059009740660972,0.4591193712685247,-0.20609324540893859,0.1703109058669472,0.07003139711811747,0.4114963439417434,0.5401794745887696,-0.0965615997410347,-0.02634313386312001,0.15708725760624254,0.0076248928521229845,0.2070146270631043,-0.012366483756599425,0.26678118369139536,0.13495454258410708,0.20460728139102463,-0.024284418424235524,-0.07004410501768508,0.055438031566945156,0.02915937476918415,0.0,0.039192684857575995,0.33715864892322084,-0.12206225745942019,-0.3379882706992242,0.08437749025741684,-0.13032966792331813,-0.20253942233260339,0.5903553700982483,0.2450229941927468,0.14065055952643749,0.2579318625247454,0.199428354950289,0.21998485242424276,0.16529492523996347,0.2843829607896224,-0.3166218578775246,0.2214845888203621,0.1602179817175568,0.08004779525205603,0.34654651662305447
THETA,-0.07275393241568714,0.11748557417104835,0.2147106386579638,-0.10570895191861053,-0.18714657687524305,0.1628244747601992,0.10958025220684478,-0.3747506937547094,0.030136084109294983,0.10186986456382247,0.1544289179506315,-0.10651170052343405,0.37329128444755055,0.07302652473180068,0.07210590012394791,-0.05070232679223576,-0.218264275470777,0.1134039302334699,0.0754900290632506,0.1330990319921015,0.2513378357725469,-0.1532666618966193,-0.07830133994217872,-0.04905772243935186,-0.2365039017998432,0.013531691502622373,-0.023199270833804353,0.0636567350651999,0.05811572412821886,0.06557390372175279,0.26884294278321386,0.12803215061341083,0.33501511906575854,-0.2777479361168878,0.12355280092875136,-0.08277456424496488,0.3539364482809154,0.5459649720864298,-0.19304823200827226,-0.1924096446944066,0.27611339820316005,-0.014246636051773967,0.17007071392522458,0.04370304830476582,0.1455565234204625,0.03314337471699082,0.06835442284349212,-0.09951073661635453,-0.1661518252036875,0.1031157123270308,-0.22108134100173477,-0.039192684857575995,0.0,0.1597646112589669,-0.19550564803024864,-0.25054555772923287,0.030830746339725663,-0.27158089141869346,-0.3933755886747764,0.4273657150634165,0.3220250632739638,0.09943112738557545,0.11174080825510936,0.07318935838069782,0.13668799666214038,0.20728603189391948,0.1786115499764397,-0.3795331023828014,0.19864438550299113,0.0822689441290361,0.04353740195488962,0.3149950766164054
HOT,-0.3896379277624211,-0.1283968071517529,0.05507824063905266,-0.3709799538109492,-0.420534332599891,-0.11442589899426236,-0.03263692708775747,-0.6136138446750583,-0.27123131278387647,-0.05126933403308031,-0.11096637941640417,-0.2784857867086141,0.3235984563170307,-0.20087724672701854,-0.11755964551595696,-0.3161977159121395,-0.43627132976286687,-0.16129639167030113,-0.1553489895655498,-0.13757438832414468,0.14833674762118781,-0.13835643444038173,-0.3520472580319317,-0.312952538876018,-0.45269601434860995,-0.21825224107779825,-0.2750619281552268,-0.21219054772345125,-0.11204266941290326,-0.08384837257428354,0.085013176684793,-0.20585377157490048,0.1320227478960813,-0.5990259323302105,-0.12907600835140232,-0.4068037133950939,0.061615863515066024,0.3113294983338667,-0.3528353524201442,-0.27752860659578515,0.014423365334545205,-0.2654543223411561,-0.04142366855516155,-0.1639206395533379,-0.12751955477773674,-0.034134235609404734,-0.26620661471176915,-0.3928254163363488,-0.2749880308829005,-0.35734571204625337,-0.33802325900990426,-0.33715864892322084,-0.1597646112589669,0.0,-0.3696779422288012,-0.47315024011204454,-0.2068539553958853,-0.3666256234204244,-0.35920317244405187,0.2704499240914766,0.13917317194454581,-0.16754291291230455,-0.05192417079017367,-0.19422578286817474,0.042573059474444314,0.13954677504601715,-0.10481682590168193,-0.4045138832338152,-0.07768073115526698,-0.19239565102590647,-0.15830004453230972,0.04886419882619167
1INCH,-0.24113036285105782,0.4011774140250051,0.3816394298381749,0.1359919093446262,-0.11754536054454824,0.3148551648605812,-0.3199792479937378,-0.03865325365639999,0.11910089953447847,-0.03807762977799306,0.2833121671985556,-0.03888136432804093,0.47020942455407627,0.17053588088891894,-0.0014582939541241818,-0.07716677019860613,-0.04624315373830462,0.07895126485471365,0.13217732920872927,0.28443338702475474,0.24162674160922998,-0.198049731471552,0.058596324658667376,0.05103045382643581,-0.11531446970076042,0.12552665478524533,0.018872062913107224,0.17857353483715993,0.3104840604899028,0.04105888784404202,0.2303417682207856,-0.16171535962727768,0.41591800264819456,0.050436590791526376,0.12651030080209455,0.009431512880760773,0.11399909253873192,0.3064631094635457,-0.03539011708704015,0.1401492566290523,0.48943150849885625,0.08491152128202861,0.4115364944090101,-0.113085914409538,-0.10456356948543033,0.27630031814356876,0.09127977745520477,-0.20238037950538978,-0.24073261459227702,0.09258065738201607,0.021138030845769457,0.12206225745942019,0.19550564803024864,0.3696779422288012,0.0,0.0908642606014654,-0.143335672471334,-0.18071933210516042,-0.22187803500072945,0.5410834209784107,0.24223912120996077,0.1618124057767842,0.1477408382873877,0.11028371767855312,-0.03034177622865769,0.46309650116918444,0.14202054361431782,-0.13115895117127452,0.2256225173857422,0.12514459106641707,0.15178080810661895,0.2570227274381298
FET,0.03549895126493731,0.3106183162541349,0.4075515835142798,0.21766246287427427,0.08874641607559776,0.49244237045777633,0.5094430161529158,0.008617741331131305,0.3651768353641016,0.16707713084219647,0.46165974239174185,0.11085432018439148,0.528444868220035,0.36003038974680945,0.29889377280694146,0.2032497653933834,0.05111645635647878,0.315476324103081,0.26864600717429155,0.3903979906622459,0.5065557480182379,0.18167286556409087,0.16248282507068648,0.16236979859947157,-0.1376148204285053,0.3368373710474075,0.21801226594467932,0.39228658956089013,0.3657772781250157,0.354437704032474,0.3413962401856945,0.5045045608827803,0.6113584146624933,0.17383004069801467,0.33817058812564715,0.11041763769641916,0.49093550634438377,0.7384895772512643,0.07133920840060212,-0.13702217064971645,0.48738358457141273,0.25344466979675767,0.37958503740567506,0.287256958667359,0.33683433832891874,-0.07519131069991405,0.32765322846225964,0.07613806835939613,0.1031799134273756,0.2324339627104418,0.027590644479181817,0.3379882706992242,0.25054555772923287,0.47315024011204454,-0.0908642606014654,0.0,0.2318539254186672,0.06140955037547935,-0.32492006780634675,0.5656828353430039,0.3363316330198558,0.3880012883927628,0.2906403651729106,0.34058202773227253,0.2739856158779342,0.32801188355793937,0.307429982193834,-0.2604087600308483,0.3901723938673223,0.38093320007887677,0.32544578221631704,0.4798146016968622
KSM,-0.18424613645574686,0.1826704200657283,0.1948638669783106,-0.044724564799842145,-0.09081134298582239,0.10317756322719,0.10652200609373519,-0.27119953856164375,0.013959286201445494,0.15947758728321626,0.2354004518890327,-0.13811660986665691,0.3830866570942139,0.18679006175980348,-0.140537569534789,-0.09876372230797988,-0.11395055315849639,0.08826166644372324,0.03269185924339067,0.16113903085194584,0.26494620828313564,-0.2781071313354226,0.025354098384161312,-0.025081333413379675,-0.16452104410468307,0.03423844982114568,-0.0391891824641156,0.031810259801377756,0.0703515952293139,0.0761574676738347,0.2514263913448041,0.024107238752139742,0.3890733557886453,-0.21194345231516942,0.09855403494737128,0.0035922186625910874,0.2746748329491825,0.34308577375224475,-0.15722713412013983,-0.10426043751535424,0.3022371648591628,-0.07543537305811382,0.16081713643878437,-0.012961318281342907,0.06966177424927407,0.025451018573277057,0.12868025320592036,-0.11889471545769907,0.0002749864446999484,0.2511126565231205,-0.07180337637951179,-0.08437749025741684,-0.030830746339725663,0.2068539553958853,0.143335672471334,-0.2318539254186672,0.0,-0.25421624369494766,-0.4791487110088915,0.4005448361563035,0.2948332080372274,-0.04901165585124241,0.041264756405869296,0.19757766634474105,-0.022806251436447433,0.22652503084887482,0.14747563400084293,-0.30421401900563616,0.183659045961089,0.12187736800200438,0.03000306678462243,0.24570948347256083
SLP,0.22727976241666753,0.30301267372323765,0.48477626815148933,0.1370663194518658,0.029574358862692815,0.31766756386494377,0.09091707570113668,-0.042055512495664645,0.2312509555052888,0.33561174210627903,0.11736650531912565,0.23466983476140096,0.5341561075772521,0.3110432061021488,0.18457523565337924,0.19507458779532244,0.10730471728172902,0.31080844499424665,0.36514080150333617,0.25783165343622566,0.5118041208700012,-0.0030869537839956288,0.26571768381510524,0.14208463133218158,0.16998853851616708,0.21142762285484046,0.2852732099420128,0.3164921123979486,0.3211749341628862,0.2788144094244182,0.42276572208011043,0.20344934093108805,0.4717728204728796,0.051221252390141345,0.4065919804216157,0.27251804258453033,0.5411644703973764,0.5401559617151995,0.08917198937783631,-0.27285599150418527,0.27299477507975023,0.2765472324484406,0.43774195522592696,0.22087535686379295,0.25615449355896047,-0.07280270010344363,0.3381173659422576,0.11717560751085813,0.048231867398103034,0.17977339533627545,0.04761222892158365,0.13032966792331813,0.27158089141869346,0.3666256234204244,0.18071933210516042,-0.06140955037547935,0.25421624369494766,0.0,-0.05263810111041482,0.5388226008825864,0.335796558462715,0.22126309078897713,0.4563303561093163,0.3341883784809623,0.2966596378065687,0.22852274727695737,0.3868800912267941,0.006083378871509292,0.341626391348968,0.2892874760643509,0.33932211760780007,0.47600407458868327
CRV,0.2808228360513056,0.61673834825976,0.47570017757585026,0.4045963826632194,0.07718437938877233,0.31374713306199703,-0.007912677277445351,0.2413474553226083,0.21790685676662327,0.7181380277405505,0.36429079728169994,0.2515409464078713,0.27102397330511047,0.3739669635524039,0.16877417155048252,0.27181170411956146,0.2882589458948472,0.42307500584281454,0.4456021414928242,0.3416445298719005,0.19151037487474232,-0.048363079380633,0.34335244313649593,0.42213588038965577,0.2716791771856697,0.25438669533383784,0.33839841898261735,0.38123388120079127,0.25869637785682065,0.32789314563634064,0.46554544272105197,0.2984516809418565,0.525963602976149,0.030001482163388868,0.39549710083992806,0.37651436957177487,0.30773490790608965,0.41687790185631557,0.002384358123024982,-0.018860519281167085,0.1674621636325374,0.2310823771390862,0.3200241090148475,0.3220820084689664,0.3667230074648269,0.256549734162617,0.3292989027650702,0.3119662669483685,-0.13766470234529654,0.16910599443133928,0.20777601476081695,0.20253942233260339,0.3933755886747764,0.35920317244405187,0.22187803500072945,0.32492006780634675,0.4791487110088915,0.05263810111041482,0.0,0.2912770312624777,0.25970249453975464,0.2593764261464826,0.4782974642755706,0.060690902305958944,0.087156364846382,0.26696401429113253,0.6081484244560353,0.07672653227178233,0.46783415825456703,0.46478685646068163,0.3705587430639596,0.4429372677665135
IOTX,-0.633144668895509,-0.3069650358686521,-0.24690311415335742,-0.5183767152352217,-0.5846635715341736,-0.4289252279653692,0.05819471714364116,-0.7292597091554055,-0.5544284263156025,-0.2038012233828978,-0.418338935713251,-0.5259996182665182,-0.012046484830945392,-0.5607433045348196,-0.48467302735778617,-0.578263491647488,-0.646138895046614,-0.4761228069282093,-0.48970782213422,-0.34607693070322265,-0.21850904809735222,-0.48637123666628823,-0.598565443938721,-0.4240233771061195,-0.6291736555784527,-0.4706241403927599,-0.5569254858026604,-0.34563804513559004,-0.5021820118488228,-0.4018808574335104,-0.3261274796905727,-0.44846640448049624,-0.1760816756278712,-0.7532461684015459,-0.44538515657020616,-0.5432228233526588,-0.18894316626285076,-0.13906263640348432,-0.47578514471924693,0.15851743289513434,-0.24618317205251922,-0.541466199194109,-0.34899188694574057,-0.5160365974487413,-0.40591858216866095,0.28822815254827894,-0.44288657986752056,-0.6469102057415352,-0.4599957570017769,-0.5758404247006625,-0.40182454585144173,-0.5903553700982483,-0.4273657150634165,-0.2704499240914766,-0.5410834209784107,-0.5656828353430039,-0.4005448361563035,-0.5388226008825864,-0.2912770312624777,0.0,-0.12340262089045315,-0.31740174757647505,-0.2975872765113532,-0.3964547804554508,0.021166366532920533,-0.01841235110222865,-0.3254723946184072,-0.47139576049913134,-0.2917326076113604,-0.4856530680429621,-0.5028795930868043,-0.3492983617038742
BTC,-0.16094784529090989,-0.16115519718334906,-0.15555521988238627,-0.2197343567900329,-0.2801791460294528,-0.16210002972935897,-0.30733204396357144,-0.4827522691471816,-0.2696539787016237,-0.20382870772060588,-0.3073204170977795,-0.2538490467890378,-0.039627330057254134,-0.22681583339240236,-0.3224600226142872,-0.258565954429253,-0.37700180689541146,-0.18836076161703116,-0.29663602119063004,-0.028827309301859054,-0.17054223845282374,-0.4408106934913195,-0.20382288960627917,-0.3143323355066866,-0.26100900357922574,-0.25878057394272164,-0.23558402654748423,-0.17142968955573895,-0.21730871455842699,-0.2758761159580759,-0.2505171372072923,-0.2734938744467371,-0.12459601724747653,-0.37822670717085005,-0.14881742736556938,-0.10211053037569984,0.032205310256609096,0.028709184833798043,-0.31362484310447397,0.06432281498254144,-0.08710615261088642,-0.24819597955366351,-0.2248368647345242,-0.3361231071192748,-0.12883417978833975,0.13741468386971423,-0.13520871288846759,-0.1734311253697124,-0.3199679337962351,-0.04336309718769876,-0.29582827216087487,-0.2450229941927468,-0.3220250632739638,-0.13917317194454581,-0.24223912120996077,-0.3363316330198558,-0.2948332080372274,-0.335796558462715,-0.25970249453975464,0.12340262089045315,0.0,-0.12479325997570341,-0.16624816968983094,-0.05144909199531343,-0.10116419940887805,-0.22177862406293541,-0.0545257576480247,-0.57834514879802,-0.17205127638624235,-0.30719766873405263,-0.266443546486225,-0.08414744890169701
AVAX,-0.17247992336600457,0.07433642860881565,0.12221200360892968,-0.011264022569294596,-0.13863101642550613,0.07976213596853651,0.49687820599299104,-0.36422520312242845,-0.023212648841750033,0.18780710292182567,0.1273037512251965,-0.09632395335446399,0.2838202688708491,0.13922340714648293,-0.30732846766835253,-0.1304539598576419,-0.2038429837234537,0.000960165946748491,-0.04078589645490231,0.09218012175297302,0.2309485803134017,-0.24508395147069398,-0.11346199948022917,-0.13948747089245236,-0.2073750002987185,-0.09452034864046086,-0.04076533777165277,0.027843129811036607,-0.00812052704024881,0.02947207562751049,0.06564684396848641,0.0004403948402303742,0.35039309596954776,-0.38819219139250816,0.04625547671450865,-0.047744069298111105,0.29466702730385075,0.3069511824569668,-0.03353653094887041,-0.003825417405542951,0.15735667997670988,-0.13432970290174914,0.05127801626793384,-0.11383258611906465,0.09065743636685777,0.1799336521683333,0.01842399742323995,-0.041170062060887566,-0.1365245885733308,-0.026442654539043486,-0.1606608319874415,-0.14065055952643749,-0.09943112738557545,0.16754291291230455,-0.1618124057767842,-0.3880012883927628,0.04901165585124241,-0.22126309078897713,-0.2593764261464826,0.31740174757647505,0.12479325997570341,0.0,0.07719972863483703,0.04641652267457408,0.20315880231046565,0.16236114569879107,0.07408403808158572,-0.43432720643977374,0.0658914930597796,0.08047198213487675,-0.002961209937240694,0.1930337740497746
ENJ,-0.25917205460805187,0.007742908931973373,0.08928553769780205,-0.280248234113239,-0.3520938197143467,0.004795492432671425,0.07388183003421954,-0.45722803195857453,-0.10325490061258392,0.11164483747999233,-0.014437809548045914,-0.26958512828255876,0.28745182064376384,-0.047389057788475825,-0.057958454417539385,-0.20716944382919383,-0.3121180751416713,-0.0012550028309713593,-0.02435734799340868,-0.06858692626581811,0.20831911137708287,-0.20469503061125538,-0.21291232107971003,-0.11669065764037023,-0.3568414815418183,-0.11412103279926407,-0.1459783367978619,-0.09550897823280162,-0.10636698777851648,-0.04528378301396599,0.1680523490910596,0.04363665594390938,0.22446363110749135,-0.39401398335432125,-0.034721078696535054,-0.274229772676997,0.3001579213636994,0.3048670201220376,-0.3540181496873269,-0.18741100715131592,-0.023544261853012068,-0.17513870853035413,0.022555238706281518,-0.03466581555670014,0.03853724387972709,0.029008376103992733,-0.11063302636223009,-0.37195174133870307,-0.22765729300412318,-0.21881162940101634,-0.2797494067855846,-0.2579318625247454,-0.11174080825510936,0.05192417079017367,-0.1477408382873877,-0.2906403651729106,-0.041264756405869296,-0.4563303561093163,-0.4782974642755706,0.2975872765113532,0.16624816968983094,-0.07719972863483703,0.0,-0.15143363387891678,0.020588010693151512,0.2072814642954184,0.0711754797943928,-0.2092758033038814,-0.012417810037242745,-0.004283262504518347,-0.08468280868624191,0.12526793351294713
CAKE,-0.3614947394316422,0.1038349158247974,0.14778149157677145,-0.13981442907431108,-0.15217040672994628,-0.05902048946985891,-0.15925852880328087,-0.38218126103426364,-0.2541156131923666,-0.005397146599404039,-0.04462019936386581,-0.09745246991238374,0.27132087175792696,-0.05696984183976132,-0.4230838281859727,-0.15194033579353283,-0.29794141834560256,0.006879746370752074,-0.05874713346309187,0.05848171480871317,0.10373010796125676,-0.6587713960096307,-0.09988152870312311,-0.03729137755393454,-0.2064192190006853,-0.05960411126435647,-0.16298421628043294,-0.036450089579753514,0.022442997032526335,-0.13440191843958754,-0.04173299667435082,-0.09401299191815145,0.13998175652843595,-0.30991043035751104,-0.033476154495712174,-0.004536160499147769,0.18722563098989567,0.2592329697040292,-0.18764440851741185,0.3739955237175231,0.15288532934664809,-0.17243462215793076,0.029630107517893387,-0.44196702523424075,0.008628519078672068,0.6536314714726335,-0.045681471538171335,-0.29911223803890613,-0.29146516731133504,-0.2630969980455893,-0.24668613582276125,-0.199428354950289,-0.07318935838069782,0.19422578286817474,-0.11028371767855312,-0.34058202773227253,-0.19757766634474105,-0.3341883784809623,-0.060690902305958944,0.3964547804554508,0.05144909199531343,-0.04641652267457408,0.15143363387891678,0.0,0.09418632626323237,0.14218797004589778,0.09848365396740674,-0.1447227631329131,-0.024009947712311172,-0.1543645462090754,-0.1448224205672727,0.09263506528393105
XRP,-0.05010782315301267,0.00957692157177814,-0.0381738149011627,-0.1374126131531196,-0.21597007429116002,-0.12474981503629254,0.00838069136057601,-0.3441523090640884,-0.1707236094811733,0.15264718619889606,-0.21509653905640422,-0.10753101628883516,0.08147424017846114,-0.007666149363799203,-0.2964643220847536,-0.19510286788623227,-0.23322750474633214,0.020842472142816704,-0.17216183426912204,-0.04756576924013239,-0.08324855962112332,-0.37311541262476866,-0.04135339943171698,-0.15819444104739466,-0.07813411341334157,-0.13047339085988885,-0.07500309450322393,0.035592653508371014,-0.18905546552432306,-0.10525939458866358,0.006719381866949314,-0.10295944203596008,0.07594684883190084,-0.3141066588508626,-0.03956007839221806,-0.015428489990765099,0.133001060343584,-0.03456133172813497,-0.20137007243875465,-0.01848684894573918,-0.042580190932325804,-0.2523838913462046,-0.16266790912625223,-0.19758041215252484,-0.03660291001681383,0.22006672444403041,-0.007084876768326531,-0.15980184090090735,-0.24740085895489547,-0.04803278499127167,-0.15814373397926215,-0.21998485242424276,-0.13668799666214038,-0.042573059474444314,0.03034177622865769,-0.2739856158779342,0.022806251436447433,-0.2966596378065687,-0.087156364846382,-0.021166366532920533,0.10116419940887805,-0.20315880231046565,-0.020588010693151512,-0.09418632626323237,0.0,-0.12107970674942468,0.13142376541237594,-0.2413486066947697,-0.008925605125945119,-0.04810184906289511,-0.11072058962212128,0.013346124627448441
TRX,-0.0932206034575388,-0.38850517294744247,-0.3057749682111681,-0.43395520556443934,-0.3266814724214346,-0.24321390137854035,-0.07905566451781203,-0.5464740423195752,-0.23666817134379875,-0.37350457990710506,-0.5421875421558764,-0.23687984136178492,-0.023538258408296826,-0.3285245108041386,0.08850629825396095,-0.17462863514101987,-0.35578513031531056,-0.1373310771382153,-0.2513048439294346,-0.06349057524157142,0.0415590369311655,0.015718737380474912,-0.35188196817727335,-0.3914339360916228,-0.11560656079859029,-0.19215141580144673,-0.22485135012922772,-0.28259569484354563,-0.28563281262545104,-0.1642335649776565,-0.10130699874313799,-0.15773973700573632,-0.33650736233817674,-0.3972287133594007,-0.22699608254054787,-0.44369906737252196,0.04127834760561852,0.04430373567354598,-0.32538842706927606,-0.2748961671431167,-0.0115189589990349,-0.08730774020960447,-0.22608490922926097,-0.13477460462889385,-0.08287747485622006,-0.25803620210675965,-0.36024563479516375,-0.2108931873775441,-0.22073255304034084,-0.37773604352004364,-0.4534452365222261,-0.16529492523996347,-0.20728603189391948,-0.13954677504601715,-0.46309650116918444,-0.32801188355793937,-0.22652503084887482,-0.22852274727695737,-0.26696401429113253,0.01841235110222865,0.22177862406293541,-0.16236114569879107,-0.2072814642954184,-0.14218797004589778,0.12107970674942468,0.0,-0.12960012864267817,-0.21609597190360766,-0.27153222599342813,-0.3312951725779958,-0.2966155040838394,-0.08084579740842204
ATOM,-0.34335171571669665,0.06476410232725395,0.11666338573153731,-0.21806698605911148,-0.4207996624521529,-0.0018988409748703881,-0.041255128412371375,-0.4520691848753036,-0.16685296269225072,0.09929917741584361,-0.013284401836396037,-0.31775224092819665,0.2751801462232108,-0.04041926302060652,-0.24464789217239363,-0.2947186624757897,-0.2778132155539206,-0.09680674335018602,-0.10512443958981252,0.012112068188877959,0.15826189783280697,-0.24070101556994936,-0.21123692684605583,-0.21468534671992456,-0.3839768132826824,-0.1446709001038736,-0.19631994550429535,-0.0767176221876747,-0.1092848523159742,-0.04981043251940138,0.0543752112677368,-0.16752415714487767,0.2606716806262246,-0.41159813350346175,-0.049806884580329225,-0.26851713882078115,0.1442454919770671,0.2503943984007948,-0.28921504320586483,-0.16739849792257774,0.06776583752568827,-0.24260781692168382,0.03354885421691681,-0.14825376554086633,-0.09223905878575842,-0.0027020277471501986,-0.11031023672338758,-0.41252347791834953,-0.3090669352738796,-0.17737861311731143,-0.22493652303321332,-0.2843829607896224,-0.1786115499764397,0.10481682590168193,-0.14202054361431782,-0.307429982193834,-0.14747563400084293,-0.3868800912267941,-0.6081484244560353,0.3254723946184072,0.0545257576480247,-0.07408403808158572,-0.0711754797943928,-0.09848365396740674,-0.13142376541237594,0.12960012864267817,0.0,-0.34346363065510466,-0.020517646467105757,-0.03147636534458005,-0.08783209984287874,0.06394951377849711
AAVE,-0.010762992285328878,0.47344376550659206,0.45124029397905885,0.25060675783033826,0.2007792210219724,0.3236148752963793,0.31214814378793027,0.14546644325682787,0.1751908845959486,0.2707990242839264,0.4385795433069601,0.182713320159742,0.5303367728803914,0.27046051342431354,0.45120112413122304,0.13325029027494123,0.07061988123488137,0.36031282012203447,0.33629171697827936,0.3615895433471372,0.31291655620583525,0.04098890350748095,0.1401287734494767,0.31502741666036893,0.007326504498427894,0.2823598229175237,0.16999752467065335,0.3232433083068194,0.28963432259370814,0.30443399264015714,0.42503503221877414,0.3357084515281734,0.5498516928978923,0.1590433884481078,0.25005272640673915,0.11653945555451685,0.19547360712537742,0.4141593338836369,0.014732661565685971,-0.04295086277774191,0.5734119281480381,0.0752946493375028,0.3821904058753358,0.21506461301919055,0.20175105422118184,0.2087786052706418,0.20034796313034312,-0.04094430132162423,0.007720050067290624,0.15206990795703076,0.12118742101644531,0.3166218578775246,0.3795331023828014,0.4045138832338152,0.13115895117127452,0.2604087600308483,0.30421401900563616,-0.006083378871509292,-0.07672653227178233,0.47139576049913134,0.57834514879802,0.43432720643977374,0.2092758033038814,0.1447227631329131,0.2413486066947697,0.21609597190360766,0.34346363065510466,0.0,0.4459612191997448,0.3885679811216619,0.26649195762320277,0.41777678395026113
DOGE,-0.21801753944649002,-0.027781043724558356,0.06908555608330785,-0.22830149421229395,-0.20933464442666563,-0.011623862912502558,-0.01378895755462559,-0.5229198741841659,-0.0966630171447656,-0.06892865393047684,-0.06500172573641105,-0.2297409619263181,0.21223821582668656,-0.018707191135244168,-0.1945850174671608,-0.1912788752008679,-0.3046016632259097,-0.07873882889736836,-0.0799141868062736,0.0647895307977981,0.14471424315950923,-0.27743614187533466,-0.1937575314567393,-0.2355345235687701,-0.26683255593102745,-0.13747652902421503,-0.12654015731675455,-0.10383710411213645,-0.04882075816187774,-0.08662828509330975,0.012129450937987868,-0.08414277768482362,0.12779211498458393,-0.3838795649375556,-0.008866408546224978,-0.14802344197145706,0.2498234604181631,0.3397771449119471,-0.21633480502584496,-0.10014710239290185,0.1991140951949308,-0.14267394997124466,0.006298491293327962,-0.2103469646505643,-0.013169713726571886,0.07344096498555676,-0.06038154610294833,-0.17416823037245974,-0.21050061001839118,0.0002863400742953992,-0.36154377722161807,-0.2214845888203621,-0.19864438550299113,0.07768073115526698,-0.2256225173857422,-0.3901723938673223,-0.183659045961089,-0.341626391348968,-0.46783415825456703,0.2917326076113604,0.17205127638624235,-0.0658914930597796,0.012417810037242745,0.024009947712311172,0.008925605125945119,0.27153222599342813,0.020517646467105757,-0.4459612191997448,0.0,-0.09023499209341854,-0.08386328087408172,0.1710679291835155
NEO,-0.34294055010844315,0.040959021290005726,0.15588254446650984,-0.1994394818349537,-0.22059787417440127,0.06565467247069098,0.09518758883347704,-0.4793510640813514,-0.07774972166504666,-0.06258477416357858,0.123522142340444,-0.22565027047405345,0.4201496977789625,0.02462663203291901,-0.13177974797258912,-0.19161088944020963,-0.2702895492971401,-0.05582501650893377,-0.06372799062111219,0.12255836461734121,0.23333187674382647,-0.2128271653296039,-0.17396071353684864,-0.1901904235733503,-0.39060742601804965,-0.05791926445012596,-0.1409457017463748,-0.1026159358755308,0.02080982361761923,-0.0036565817268803813,0.16746349822041404,-0.025532711110743095,0.2948414605550713,-0.3507533759855186,-0.046792775355711864,-0.21269941781824359,0.17368263900822237,0.37630776927904425,-0.270177986817423,-0.15494674295611166,0.30306203828223127,-0.16897925598480792,0.10888670766098915,-0.14007282683477998,0.039193035421028914,-0.03050086452130435,-0.03530705457600486,-0.2675959174955155,-0.08578054487741707,0.030960400478330798,-0.1389231002613202,-0.1602179817175568,-0.0822689441290361,0.19239565102590647,-0.12514459106641707,-0.38093320007887677,-0.12187736800200438,-0.2892874760643509,-0.46478685646068163,0.4856530680429621,0.30719766873405263,-0.08047198213487675,0.004283262504518347,0.1543645462090754,0.04810184906289511,0.3312951725779958,0.03147636534458005,-0.3885679811216619,0.09023499209341854,0.0,-0.09695145967126956,0.1848540657030887
SAND,-0.1473515940280711,0.0441049939329429,0.18678715850915853,-0.08302775354485012,-0.22562803139938986,0.16274640248935407,0.1200481343972577,-0.4164880271627408,0.04194415632828384,0.05490343592751,0.2561660595963481,-0.14437290720287582,0.40878261024653884,0.10480447066988029,-0.09654816644623575,-0.12077864570518368,-0.25751286167312576,0.060040674579480334,0.0908937831822552,0.06169389759890641,0.2578407299478376,-0.19514671336451478,-0.08840076531683289,-0.16327530254735342,-0.29831764268600763,-0.040998013531847566,-0.043504096772109146,-0.059714590920941654,0.08984344413335796,0.0022274490992995055,0.26611884503152733,0.08007361820661021,0.36653862845284846,-0.30110066364950655,0.05258459690870977,-0.11273105666229263,0.35861725262045524,0.43967581415400847,-0.17347400103346905,-0.26894497123124766,0.24495173420427999,-0.08190579747865079,0.19228209974440083,-0.03653849709589812,0.10514281679536358,-0.045856965679538106,0.030126447929371393,-0.13504198697990893,-0.0977322708035528,0.13713126865747488,-0.15912325039347008,-0.08004779525205603,-0.04353740195488962,0.15830004453230972,-0.15178080810661895,-0.32544578221631704,-0.03000306678462243,-0.33932211760780007,-0.3705587430639596,0.5028795930868043,0.266443546486225,0.002961209937240694,0.08468280868624191,0.1448224205672727,0.11072058962212128,0.2966155040838394,0.08783209984287874,-0.26649195762320277,0.08386328087408172,0.09695145967126956,0.0,0.27637011097366465
QTUM,-0.3780590996263968,-0.15932093298611805,-0.039598185092680295,-0.33954141899722146,-0.4069153687757309,-0.10290809054625086,-0.10430772160509424,-0.6524287081191011,-0.2306294362420698,-0.11535701215612242,-0.017174785111050667,-0.3548556122829592,0.18018587178421241,-0.1827341993050317,-0.2995698803411393,-0.3366791612110445,-0.45626778804619467,-0.18694633873391067,-0.1887769996314201,-0.11318005250509353,-0.0102320837804932,-0.3402923048750283,-0.324857218943629,-0.3266741521915475,-0.5244969955432222,-0.27644350602033224,-0.2753214445860229,-0.2990176362276948,-0.19512344399298218,-0.21703106079518494,-0.004750634703619923,-0.11526529968991786,0.10671807647831115,-0.5593213081210814,-0.1930168019836034,-0.33643651086942006,0.13890782408289326,0.2453465811910477,-0.3780043110823529,-0.20192943970124028,-0.0300997459402301,-0.36190928465400013,-0.08853921050818749,-0.2529735031597825,-0.04814796161121506,0.010719631942398583,-0.20354501291329585,-0.3628289951537784,-0.267355314091808,-0.12923960655477232,-0.3612606363260496,-0.34654651662305447,-0.3149950766164054,-0.04886419882619167,-0.2570227274381298,-0.4798146016968622,-0.24570948347256083,-0.47600407458868327,-0.4429372677665135,0.3492983617038742,0.08414744890169701,-0.1930337740497746,-0.12526793351294713,-0.09263506528393105,-0.013346124627448441,0.08084579740842204,-0.06394951377849711,-0.41777678395026113,-0.1710679291835155,-0.1848540657030887,-0.27637011097366465,0.0
