date,mean_abs_matrix,max_abs_matrix,row_sum_range,row_sum_std,stability_matrix_corr,stability_rowsum_corr,n_assets
2021-01-31,0.1739437690046858,0.8760268330239542,49.40474854843558,8.615734279792198,,,72
2021-02-01,0.17911092567858786,0.8950637830975884,51.71191431110719,8.988155312340254,0.9798244977257458,0.9867788471291744,72
2021-02-02,0.1805736175549474,0.8753820760295297,52.484805343253456,9.080412873170049,0.9878626263063591,0.9938480857357817,72
2021-02-03,0.17117642886956208,0.8621789069928116,48.15661659848115,8.508921957394183,0.9796151305394727,0.9806811118436459,72
2021-02-04,0.17649069398813902,0.8608948281178015,47.18029594480485,8.944175461401661,0.9603845480025278,0.9671769432209723,72
2021-02-05,0.1744094107481606,0.8570331355551548,47.745438293129766,9.036780285670275,0.9680239188720834,0.9826584210734629,72
2021-02-06,0.1674073435094119,0.8958593734439486,40.57151302123764,8.526541589706115,0.9499220467437333,0.9518083507068288,72
2021-02-07,0.16026632055696757,0.9021771258475257,37.946922182444865,8.063381099411979,0.9607269622093341,0.9728891783210875,72
2021-02-08,0.16290058408015168,0.8387286799104274,39.17124522824271,8.127356662967253,0.914823854043702,0.903293709519158,72
2021-02-09,0.16644139092437454,0.865768861723776,39.2970862647172,8.018302822162594,0.8875450682823934,0.8696333096709081,72
2021-02-10,0.16135322090460003,0.8515893634381078,38.01900670100467,7.363534058777909,0.908389362580434,0.9030233107807489,72
2021-02-11,0.15681957196990945,0.7982028096121354,33.368000768191216,6.899514407738942,0.9208284628874108,0.923960098191774,72
2021-02-12,0.15115948180911862,0.8181814523806068,31.135307454597758,6.307314062038648,0.9161763939667114,0.9135404427679826,72
2021-02-13,0.1564299883264879,0.843467862458597,30.964804420317463,6.718247323417354,0.9252920518486473,0.9474374429586104,72
2021-02-14,0.16905726275963634,0.8693361917483193,33.452400253345814,7.696877926842453,0.9454132787565054,0.9502586008498335,72
2021-02-15,0.16987891360962143,0.8992540261619947,35.83036512406412,7.849694980919074,0.9724456559487863,0.9634321219882325,72
2021-02-16,0.167911965793573,0.8587498421599726,35.01064063610216,7.834412440918336,0.9867323444890816,0.9909034233217344,72
2021-02-17,0.17120226459228013,0.9054847054465842,35.86096391947645,8.121471752510217,0.9846728329997174,0.9925768145944653,72
2021-02-18,0.17044265534239977,0.8573056992463162,35.76385942513312,8.027959380502926,0.9426964111591932,0.9274202883207361,72
2021-02-19,0.18360799191642133,0.8881203877992616,37.863751612501915,8.22647153648715,0.9499778262066787,0.9474049593917119,72
2021-02-20,0.1898503252842865,0.8496502408405421,38.91983216210447,8.180287291602529,0.9457756193003891,0.954740370133964,72
2021-02-21,0.18716021323692308,0.8611715696882815,37.9952803694324,7.996597251873153,0.9617501867476693,0.97362287316706,72
2021-02-22,0.18751276018520924,0.828151186714432,33.60618719388197,7.897947786031136,0.9607867034730491,0.9524064865600803,72
2021-02-23,0.17558541903054056,0.8052882441356912,36.51452064933911,7.568247272927617,0.9297501264148852,0.868001813490917,72
2021-02-24,0.17203181167847534,0.8944301486916373,40.76452162791487,7.876929270511149,0.946853279701363,0.91276353229844,72
2021-02-25,0.17101781801155283,0.8632380848150369,36.400295658821676,7.458507691440102,0.9642997754956222,0.957936102425411,72
2021-02-26,0.1777720023764164,0.8693232324544333,34.94290246693285,7.95160242675871,0.9831250238222328,0.9808832253699536,72
2021-02-27,0.17549515430494772,0.8543667888640702,34.7045751394847,7.838293834649104,0.9920296601149189,0.9967755045267854,72
2021-02-28,0.17998755060719687,0.8319385854941868,35.18590250602337,8.144567784670599,0.9857041120681076,0.9879397965618852,72
2021-03-01,0.17910900427030113,0.8037060407548346,37.26005260077073,8.255100826779637,0.986923468094376,0.9845238923665576,72
2021-03-02,0.1777669874822926,0.8493903873052661,35.88376403143794,8.144324440208749,0.9803273722327781,0.9774946187892394,72
2021-03-03,0.17768230301036161,0.8340482931195854,38.34138360016102,8.23182258908929,0.9850954653314397,0.9858081984895023,72
2021-03-04,0.18785988282752575,0.8268596241795707,38.59010440361617,9.077574959795603,0.9622005106359125,0.9675437830245502,72
2021-03-05,0.18237548934702252,0.8265520042908338,43.757196203189935,8.717451357119588,0.9687307843855552,0.9693206132708844,72
2021-03-06,0.1905774050755868,0.8289057183858821,41.74662940976532,9.129152414767114,0.978351705081299,0.9772284032104637,72
2021-03-07,0.19066487370664734,0.8264420255711559,42.02138352066473,9.032922153221875,0.9884967264827259,0.9946797828708417,72
2021-03-08,0.1852283299100336,0.7618107032519368,43.49924185139187,8.622676857045372,0.9683250820405329,0.9689659048700545,72
2021-03-09,0.17967393032293288,0.8616918165695755,40.2876159545326,8.049540311186474,0.9419655234874403,0.9301762393039302,72
2021-03-10,0.1946741713237839,0.8141701880687232,48.79333296656769,9.400545022790418,0.9392836399672039,0.9464594745398927,72
2021-03-11,0.18009646281075203,0.8091714443759157,42.07876842222312,8.714738837977569,0.9363316548250157,0.9428957904859561,72
2021-03-12,0.18749423539188406,0.8227328811507164,49.72940687473864,9.340003666151173,0.9238002818511563,0.93300563889182,72
2021-03-13,0.16812820939577763,0.7441583715099083,40.504330055534254,7.785958373578234,0.9252882394768981,0.9431211281921261,72
2021-03-14,0.16141299693501404,0.7112875844272277,38.22687494312874,7.465730871896162,0.9339428711401195,0.9456614805961912,72
2021-03-15,0.1647905422064112,0.74010435293528,37.764729439845965,7.778932017074403,0.9634197114236978,0.9784445941004697,72
2021-03-16,0.17259882618001895,0.739002302054306,38.134210095659355,8.09796708235526,0.9757660123941685,0.9938886082820066,72
2021-03-17,0.17857525776051492,0.732448464636902,41.25823830265508,8.37722284943206,0.9752856784997648,0.9886416361635423,72
2021-03-18,0.18169935571725004,0.8486692531603017,47.68723271999545,8.723883046334873,0.9791072911044462,0.9837406823457092,72
2021-03-19,0.17763303973512456,0.8430195504917524,45.47407351435086,8.581125217978675,0.9759784314918949,0.9877978129102037,72
2021-03-20,0.18134791831465183,0.8400096882456709,51.612925996138046,9.005305520083423,0.959447947262743,0.9883799417769514,72
2021-03-21,0.18173716433986056,0.8412492903807646,52.05153560404802,9.038084768880893,0.9712491401453137,0.9875239868837444,72
2021-03-22,0.16664334486393,0.7751345981080644,45.6313819318199,8.00052359808822,0.9589186264228989,0.965720150968084,72
2021-03-23,0.15489724860330548,0.7757018820596188,31.975894837931868,6.714438711111071,0.8677158663404854,0.8273659993603866,72
2021-03-24,0.17379239416899664,0.9032424650474122,33.80799344274619,7.391124173521197,0.8660963953461706,0.772351481837662,72
2021-03-25,0.1732239404443135,0.91509709447654,34.742341241824775,7.470483080797356,0.9598578382438021,0.9463231217060266,72
2021-03-26,0.18165887153731006,0.9301389379258231,37.113153866732134,8.178419280548422,0.9621531846479003,0.9476681953313829,72
2021-03-27,0.17496250660541868,0.8911898302317959,35.89230411419596,7.809546107940783,0.9667282463461017,0.9557530316695902,72
2021-03-28,0.17416683677310488,0.9148699591321224,38.02905323777776,7.742130690671854,0.9824519681992352,0.9863926179688505,72
2021-03-29,0.16984279014839052,0.9275577289996966,32.53591026111513,7.261847111299206,0.9607275897331372,0.944357211011877,72
2021-03-30,0.1883697552906985,0.9420094405478971,37.23095637700589,8.16370630045996,0.9447787113393793,0.9148979019536424,72
2021-03-31,0.18499888970639075,0.8681616419364552,35.380772646709744,8.00207945739193,0.9608920450184817,0.9839888327255172,72
2021-04-01,0.178124822373998,0.8738883556590512,38.905448305311864,7.741690107817338,0.9320925437088656,0.9591145051178637,72
2021-04-02,0.18290305873291135,0.904216389007783,40.19772311299663,8.098734631521689,0.9696496282405361,0.992220154269719,72
2021-04-03,0.18024213461526306,0.8924307063315884,42.905212050659344,7.946641502665986,0.9686473430704684,0.9577541704013598,72
2021-04-04,0.1742288735223457,0.9033701088879463,45.45572831987484,7.7765531504006695,0.9702983443921934,0.9572399407253961,72
2021-04-05,0.17422536774685438,0.8596509809508366,40.549356281573836,7.788575114348753,0.9105223528347138,0.8796244270569837,72
2021-04-06,0.1684930901551949,0.8042828554058941,28.81472342708732,6.348467041151318,0.892525725045168,0.9114763282023479,72
2021-04-07,0.17514880903033545,0.7077238031499995,30.862872500567853,6.832217100641335,0.902681143482983,0.8425848387807484,72
2021-04-08,0.17140847445926513,0.7102967166165444,31.20006814210719,6.6815091457008124,0.9526278094023605,0.9211267540378882,72
2021-04-09,0.17217512418714556,0.7977830396437173,33.56427147574311,7.448220266881023,0.9357129357599092,0.9468097696014336,72
2021-04-10,0.17586352150257287,0.8203303068626069,32.71701466760461,7.29560561709836,0.9180901837948301,0.9303693083421207,72
2021-04-11,0.17345534590589207,0.7639621268643069,29.917316991293916,7.046494571211639,0.945328337632928,0.9557322229345897,72
2021-04-12,0.1751219511607238,0.7854039056780754,30.2730982044034,7.255390271374872,0.9608979852718522,0.9881344957073387,72
2021-04-13,0.17275885420289447,0.7693071464966341,30.512287661007008,7.217257294735914,0.9555826833979416,0.9878744825044234,72
2021-04-14,0.16960553196068762,0.8151530042806263,30.784820613525707,6.951063924721259,0.9517230524754309,0.9687644627806696,72
2021-04-15,0.17305609955185042,0.8402904746009141,31.929964469547286,7.205300151126642,0.9650708979242837,0.97245108895405,72
2021-04-16,0.16999777998845667,0.8900858801603272,28.965484423119108,7.003203407796458,0.9423795483667509,0.9475862848646612,72
2021-04-17,0.1695041735133668,0.9105558164140811,26.97377798752069,6.938966510132626,0.9471863913858254,0.9795225992915653,72
2021-04-18,0.16489654386792454,0.8170021909825698,25.930086854767428,6.758699955554303,0.9040465392314834,0.8716193978392189,72
2021-04-19,0.17206708008795954,0.8384757717589129,34.523102532626126,7.558190764538413,0.8724842398775859,0.8026917690060755,72
2021-04-20,0.18275815616514107,0.8738883827431096,43.5297140168078,8.503105018949444,0.9538295910841527,0.9529408090533278,72
2021-04-21,0.17550960624521203,0.8069508684698836,38.66704509280132,7.952697784070367,0.9567965247382447,0.9490933713326059,72
2021-04-22,0.1778783759636986,0.8568378147064206,39.76958737599885,8.05781123329013,0.9664433460227385,0.9581166717080856,72
2021-04-23,0.17453704200428585,0.7973186210298466,39.72856913868233,7.949250433313268,0.9588091847711989,0.9391919268395615,72
2021-04-24,0.17768719794772547,0.7984206564501728,40.83478141282596,7.972986252310566,0.9439103386515093,0.912933371183698,72
2021-04-25,0.18034247972094578,0.8058040680095785,42.49017512906946,8.38129343276721,0.9724873812906424,0.9766024810858754,72
2021-04-26,0.18459723264954866,0.7907652547993507,44.786005412994804,8.975038698323951,0.9469591071612252,0.9368103504101618,72
2021-04-27,0.18099602413036892,0.7645009505683265,40.62908107268931,8.878964126783291,0.9406495024326598,0.9271827698418308,72
2021-04-28,0.1757425441490879,0.7546413449528058,37.428444084583695,8.556762456844684,0.9696203721250239,0.9783056244393966,72
2021-04-29,0.17767582150482958,0.7889228280688692,38.5272541261231,8.768094383584312,0.9843444434283952,0.9983881656914049,72
2021-04-30,0.1810654085874141,0.763437293808741,40.0532025251367,9.006575345270452,0.9819855411555494,0.9889127945831999,72
2021-05-01,0.19126079261788248,0.7356468064065278,40.77708410794712,9.208111446811275,0.959110600782839,0.9664931002601116,72
2021-05-02,0.1936843646312009,0.7765597239138522,43.00246933917116,9.159612777881172,0.9757832510925248,0.9757764276879671,72
2021-05-03,0.19400156175107616,0.8306784417754438,43.2437997629859,9.236966941757288,0.9672797241971062,0.9634077374977418,72
2021-05-04,0.18876420824971862,0.7700594693204321,39.66309262780921,8.945036954659022,0.9379558901379759,0.9428347392931938,72
2021-05-05,0.17072427658210101,0.7162026474459497,34.856404484027564,8.050062525255866,0.8879222561338272,0.8540762255150155,72
2021-05-06,0.177932154266335,0.7120438015866892,35.68258331279867,8.528057711628295,0.9235038968340556,0.895950679588745,72
2021-05-07,0.1821703027858339,0.6738599046297471,35.29979310835788,8.648445615775698,0.9778370145857055,0.982358633565712,72
2021-05-08,0.18231837420216437,0.6735436383131091,35.50711192078025,8.706675641626632,0.9919798098659681,0.9994761520732445,72
2021-05-09,0.1842061016058788,0.689285488868046,35.98007169001524,8.838820764223986,0.9935919674353321,0.9993578415600537,72
2021-05-10,0.17954758043823232,0.6745171911690213,38.0839854302657,8.716710625123321,0.9808252626477094,0.979632967428048,72
2021-05-11,0.1796349014478238,0.7195621631937963,38.69735100701751,8.869045826921703,0.9508372958977157,0.9435381827722149,72
2021-05-12,0.16479595052640172,0.7072220482955203,34.676442983081984,8.028862600261963,0.9359793658210152,0.9254657546744463,72
2021-05-13,0.16319836637503166,0.7638987305206395,38.57653505509768,8.12019087947395,0.9374945629310557,0.9240069775874975,72
2021-05-14,0.16414954013351782,0.7776875432655738,42.68344998171513,8.35162135309649,0.9613882532785996,0.9626557929661892,72
2021-05-15,0.16539817614731278,0.7570382368005513,43.329915111132266,8.45817216115011,0.9675511771130582,0.9788921814797348,72
2021-05-16,0.15825771656952795,0.7994951149841336,42.67084420611515,8.14238763830112,0.9615693668081724,0.9724557417784647,72
2021-05-17,0.15078673484903435,0.7463181780611525,42.47126142100752,7.819965710876838,0.9315640971850984,0.9400687961176384,72
2021-05-18,0.14793256025898627,0.664758386022574,41.69412616884454,7.523692499161956,0.9443246107254826,0.9466666626354447,72
2021-05-19,0.15281631131099865,0.6777050427704616,50.25485124674047,8.794054485696426,0.7273739680369364,0.6588197210785798,72
2021-05-20,0.1347610062037325,0.6187159230997032,38.255412725198575,8.070911307379193,0.8718311130384521,0.8579003544511127,72
2021-05-21,0.12220653090951732,0.5706682820156874,34.15308885454364,7.264454675216945,0.9786068773549749,0.9800082747001854,72
2021-05-22,0.12934733421018993,0.5647300996529713,37.13497243477592,7.819848894005347,0.9801042495670678,0.9816100832290775,72
2021-05-23,0.11967063494025305,0.4877613203145712,33.41709401492695,7.109972533885848,0.9701372823623955,0.970175176857654,72
2021-05-24,0.11756397929435831,0.4988864243212839,33.11239376813542,7.023780050517509,0.9683984717231249,0.9676210213845666,72
2021-05-25,0.11580795046543059,0.49008572913265663,32.60288193763134,6.843685499496993,0.9264770789256457,0.9223014622719584,72
2021-05-26,0.11306262249635025,0.48977887356121563,33.00231237272148,6.7504219810847355,0.9723335241356935,0.9749709902768031,72
2021-05-27,0.11265995565031431,0.49045493191410283,32.49864190381119,6.677172766460906,0.981075321717257,0.9841448481360845,72
2021-05-28,0.11460331771349709,0.500704185132819,32.865941580504874,6.79271713131708,0.9827334543705268,0.9851983305894785,72
2021-05-29,0.11357915519839996,0.5020587630441915,34.47131072775704,6.763144100254442,0.9846690612747859,0.9889504816736959,72
2021-05-30,0.11466718478211227,0.5171451349773494,35.23681784022108,6.830706617386127,0.9963641988509512,0.9983777255441825,72
2021-05-31,0.11225008571089187,0.5038853833185147,33.90815152935617,6.667780022761198,0.9882587406612875,0.9889219498027785,72
2021-06-01,0.1114410925141632,0.5032105820069399,33.402210259475744,6.654144944873404,0.9836294074988119,0.9862682198976677,72
2021-06-02,0.10883510166907151,0.4774214744967002,30.2186911132514,6.428288193523605,0.977354995607494,0.9797512674385733,72
2021-06-03,0.10876345035972919,0.4573414492706731,30.900366190500698,6.478695898503568,0.9655119223057621,0.9679623883937795,72
2021-06-04,0.10927250024851437,0.4527196975957966,31.623925426435363,6.532834123278752,0.9946833591275429,0.9982123923943061,72
2021-06-05,0.10989538116997759,0.44053187391149334,32.09037373224886,6.574952800426103,0.9981580101107208,0.998949096382094,72
2021-06-06,0.11012033404804154,0.4475038857475544,32.253369132760305,6.59481394783587,0.9989347653367215,0.999631513131648,72
2021-06-07,0.10941806505152044,0.43940800353144904,32.98882599673777,6.562231302156897,0.9952478445403926,0.9957657539600628,72
2021-06-08,0.11354062601272528,0.4669957027656062,34.85158982339008,6.835108407207461,0.9844542659702347,0.9849051675199938,72
2021-06-09,0.10729721942331216,0.43963841255572766,33.23830958668098,6.454757172209072,0.9751700819698699,0.9778469591498162,72
2021-06-10,0.10565127930285437,0.4486095092196163,30.1476941831707,6.311847718770826,0.9712539569965292,0.9762624070800002,72
2021-06-11,0.10521382663449952,0.4524163552856414,29.64441964813394,6.274312116900128,0.9914283119948856,0.9941231902235282,72
2021-06-12,0.10570629857378369,0.4782030098672384,30.31829553405226,6.325333990772433,0.9893763293059274,0.9918004661788161,72
2021-06-13,0.1063133021600786,0.4740834644066442,30.077934646735287,6.392327676393156,0.9919196919998345,0.9938801547914994,72
2021-06-14,0.10720587343092153,0.49125295098052885,31.19931491890256,6.469553718276256,0.9897946582391595,0.9914203664200119,72
2021-06-15,0.11689692576494314,0.5133617957041475,34.583240298409,7.087089455611162,0.9883057841601115,0.9934710109747558,72
2021-06-16,0.09528016140658141,0.4067317168201148,29.188960354412593,5.834469656231784,0.7491078799088514,0.733901418057258,72
2021-06-17,0.1610542130978534,0.6475105131632342,51.35082087635291,9.782640941330925,0.789121332041545,0.7776434392860471,72
2021-06-18,0.15750687857235554,0.7376032930516754,47.599764250853326,9.468498506930622,0.9447577182903016,0.9437899794329696,72
2021-06-19,0.18904170820129942,0.8365524157822298,69.46714724024241,11.7643272054116,0.9611571456400559,0.9649306881336306,72
2021-06-20,0.16556564161184784,0.7219050690829849,50.97242687121639,10.040579783744354,0.9712017757183138,0.9731763772748577,72
2021-06-21,0.11805288974651666,0.5204117013497089,35.73191595039114,6.949025102687453,0.8095345093397557,0.8018054885949812,72
2021-06-22,0.1296358279159663,0.6354152318827488,37.55562985663795,7.651853106867464,0.647216849948529,0.6151061124993655,72
2021-06-23,0.14087885926168678,0.7149762129443251,43.661850300396374,8.470695491038077,0.9190034080820152,0.9289122126008528,72
2021-06-24,0.13877699802371868,0.685603036127626,40.053706675896414,8.244012822494335,0.9160949166888835,0.9202538417495845,72
2021-06-25,0.1431243879354165,0.6559625863347043,39.333985194814275,8.620644940262054,0.9161989856344376,0.917477112051457,72
2021-06-26,0.14578677200675363,0.6786122150890108,42.41721014488713,8.877898574544748,0.9543548728062815,0.9559395336518179,72
2021-06-27,0.14561698016833366,0.6720968081018561,45.72818217317523,8.936663123233545,0.9857072275227696,0.9877291477640822,72
2021-06-28,0.14172790405342975,0.6817915054827233,46.552802955158526,8.837773923985754,0.9759170352955339,0.9784613854067498,72
2021-06-29,0.147451522485942,0.7086700698127789,46.489347602370145,9.137075597019386,0.9733446465814646,0.9770048117041381,72
2021-06-30,0.14388998393306415,0.6603741956733967,47.11503292863996,8.963836540061214,0.988320099762615,0.991201676226037,72
2021-07-01,0.14967557644854013,0.6622953645763718,48.14127914696712,9.272185355090766,0.9834103763363531,0.9876611372123145,72
2021-07-02,0.15903432929785916,0.749572282658332,53.52019804759594,9.948353285482433,0.9747982728891293,0.976675443373034,72
2021-07-03,0.16544073770407786,0.7530762233178439,55.07204776381489,10.38219422013729,0.9904440727046754,0.9918479155714663,72
2021-07-04,0.16538122404240238,0.7626430091389007,56.98990974314581,10.439388320893492,0.9959540280626515,0.9969993855684792,72
2021-07-05,0.16546938198911398,0.7490527535082283,55.74077102608115,10.417408179894002,0.987142517191865,0.9877502394694473,72
2021-07-06,0.16691409176618652,0.8528649233996939,57.83118411616569,10.560896484428453,0.9808648477856295,0.9830932339937157,72
2021-07-07,0.1663231363950971,0.8715403340204595,59.90606926945102,10.477685783186988,0.9878182808390595,0.9917983937294275,72
2021-07-08,0.1733643536888362,0.8618356627724391,59.74358173781332,10.85453925435106,0.9825468105902941,0.9862976677587894,72
2021-07-09,0.17530537898389603,0.8782434456615068,61.48804482532435,10.92795540158987,0.9884098835160994,0.9911451929832252,72
2021-07-10,0.1767733685305716,0.871241913155663,63.34039165794263,11.15405464291737,0.9935610699890597,0.9956636111478376,72
2021-07-11,0.17854887471445785,0.8910201875393058,67.95929167767432,11.406576184234146,0.9936801375005648,0.9943200983990929,72
2021-07-12,0.1800010060669406,0.8974856078895264,65.68148250825341,11.440000890356105,0.9920909719827328,0.9927550479370955,72
2021-07-13,0.18165051513037375,0.9052457797642002,65.13582854591465,11.510509740623688,0.994669555162755,0.9972626398528291,72
2021-07-14,0.1831014569158265,0.9478280059348511,63.63800482230518,11.5349847989582,0.994989592127357,0.9973228954433501,72
2021-07-15,0.18316720655818158,1.0072895762757914,64.90883615716746,11.619531855045611,0.9956186545321967,0.9977902405526107,72
2021-07-16,0.1809690012277268,1.002913446760749,61.81516629048734,11.387938840469532,0.9911135406413112,0.9924520309380226,72
2021-07-17,0.18253974028214412,1.0088561021880564,63.33604715180245,11.515316041330642,0.9926908079101363,0.9935307761904246,72
2021-07-18,0.18467374728505465,0.9681314655904107,65.06825512798636,11.678177473856442,0.9979382021822721,0.9990529861471316,72
2021-07-19,0.1782499491811078,1.0015357849199278,56.90500933647132,10.993226131105448,0.936606989736599,0.9332863399983538,72
2021-07-20,0.20469378438193583,1.0956372174022677,51.15833154864785,11.705161939650463,0.8519983590850836,0.8452473242205598,72
2021-07-21,0.19785202228741922,1.0459384767190039,51.24145768984536,11.337759307724047,0.9318714987869804,0.932037934463589,72
2021-07-22,0.19848923665472362,1.018250861464639,59.513913633408244,11.594731760571698,0.926165645382867,0.92363289038593,72
2021-07-23,0.19017721870983015,0.7918040108420639,51.39579058105308,10.960775026812604,0.9405561781890096,0.938419465680812,72
2021-07-24,0.20423727014088905,0.8889105123116399,55.75487688450416,11.698346208952115,0.9682913348281491,0.9677881807892211,72
2021-07-25,0.2017323625050125,0.8323346622669772,56.35872852792485,11.516017896078482,0.9881420492848054,0.9920584852139371,72
2021-07-26,0.20366457845144414,0.8802760054391277,57.057772026530195,11.660561259782988,0.9708979135747393,0.97909372088529,72
2021-07-27,0.20533343142995736,0.8753037631961679,58.32239676332374,11.59532828216745,0.9660876058785786,0.973182266588898,72
2021-07-28,0.20448026028122146,0.8645301327893392,58.040264476143484,11.550258150678122,0.9817108609857953,0.9864717649614042,72
2021-07-29,0.19610539419988793,0.8336652188982248,56.01286118569719,11.041747256087975,0.9861280056248989,0.9898607327778411,72
2021-07-30,0.19068465419369898,0.8803094520848387,56.46652826485357,10.715878112509408,0.9743859960150936,0.9789592069224142,72
2021-07-31,0.18659410266954743,0.8333720313716251,55.2348582538737,10.476996321860575,0.9837619305556048,0.990436006683528,72
2021-08-01,0.18517560333593291,0.8308742205013357,54.50611099832986,10.274577898636858,0.9846968235815282,0.9899679958666139,72
2021-08-02,0.19390746148621912,0.809818312390146,52.70908103466543,10.660680275328435,0.9753563342313144,0.9803558842951764,72
2021-08-03,0.19124441229479583,0.8907885031117968,57.01882026101532,10.60306895249369,0.96968206086156,0.9777760951841277,72
2021-08-04,0.179804794047368,0.8411833799464483,52.21670317753139,9.94335154602039,0.9800745541852688,0.9861147186146444,72
2021-08-05,0.16978853226688842,0.749058532471498,50.8965774360227,9.462856077799911,0.9242039538452869,0.9195479842320975,72
2021-08-06,0.17074425532647286,0.7412986855269834,44.95192794908499,9.214756932072191,0.9429766881011765,0.945850160173467,72
2021-08-07,0.16834970586662998,0.7107767052233025,44.085465751481806,8.896768006652506,0.9635947664223551,0.9748929630406602,72
2021-08-08,0.16992044213906093,0.7121445031484055,43.79703158438285,9.095337606488751,0.9456990875869037,0.9411311352285638,72
2021-08-09,0.1652914158464339,0.7473779511092014,50.00277772271831,8.968234189215684,0.94975868950435,0.942660983323548,72
2021-08-10,0.16503245086723517,0.8844936858650785,52.60385760836015,8.929188571630206,0.9335263286712248,0.9332010977445641,72
2021-08-11,0.16852383892722256,0.901247343489459,54.331103412062006,9.072349611645208,0.9660849365977131,0.9878436130154962,72
2021-08-12,0.1647984491285252,0.929965556698986,53.7112294307782,8.963892357481104,0.9546652310018008,0.9652502179209771,72
2021-08-13,0.153386563387934,0.9129798463304108,53.03304569327303,8.30864783683545,0.9283198269207747,0.9214000957036952,72
2021-08-14,0.17730515895306193,1.0046548916364941,63.498286299169365,9.752194608617437,0.9372585691677058,0.9428993769239942,72
2021-08-15,0.17561128524356098,1.010633007204944,60.853256938266796,9.459509016442984,0.9827156280066851,0.9990409620103371,72
2021-08-16,0.17530688279862827,1.0199429644597386,58.237581938655296,9.27403413483518,0.9708773471713567,0.9779320938843737,72
2021-08-17,0.1808228460084797,0.9474226593960196,46.89827367031894,9.025116823852363,0.9164897146658725,0.9012281330339209,72
2021-08-18,0.18254044168033864,0.8184447114932338,40.65378228900187,9.028749950394236,0.9188600280146811,0.8925073585049361,72
2021-08-19,0.21153340565130582,0.9358093631405863,46.94930938980399,10.697396734179712,0.8861528421595223,0.8503793590141098,72
2021-08-20,0.2008844524270517,0.8563619454754371,43.59668527020367,9.956997587458602,0.940323585451923,0.9362594465599755,72
2021-08-21,0.19227681058892587,0.908706536986349,44.33516109049345,9.03087169251684,0.9611351799212069,0.9750993858489353,72
2021-08-22,0.19426338086456074,0.8991876676912395,42.30580474127725,9.099853297455413,0.9600419943362022,0.9947662660246618,72
2021-08-23,0.19659376124721079,0.9133113498245011,41.8902770324027,9.232378414813379,0.9680090109557775,0.9871145029110399,72
2021-08-24,0.2007729682642955,0.8452026641926866,46.409114965663,9.987072516835847,0.9381614489332439,0.924436576931015,72
2021-08-25,0.19101150585143314,0.8043946656168404,41.18284177090647,9.603714277279202,0.9321359457245592,0.9124281457526952,72
2021-08-26,0.17540724119480372,0.7574431444535576,42.98117350308157,8.602644104491795,0.9385232407266078,0.918402900857982,72
2021-08-27,0.1622868643856421,0.6859951339416517,40.72481660244396,7.868994751112407,0.9810249024181281,0.9770446600482985,72
2021-08-28,0.16172918645206472,0.7289232248451156,40.582931360000714,7.928006505773316,0.9806652005635786,0.9762067182769097,72
2021-08-29,0.1621605712594087,0.7557330186936038,39.610967034334635,7.998124828821553,0.9841311442996304,0.9905562992722071,72
2021-08-30,0.1658775002567202,0.7412056970379566,38.794846664730976,8.166283837829775,0.9719455308315025,0.9868408144073734,72
2021-08-31,0.16900562268857836,0.7236964392681888,38.425578464458795,8.183234891168999,0.9712168487806087,0.9845665156732067,72
2021-09-01,0.1799606338258436,0.7071415437735459,38.40970903559331,8.978459422745216,0.9724695934225499,0.9700125879673085,72
2021-09-02,0.18653152347567772,0.7417044276767175,41.05917187891349,9.534054012347827,0.970033143191611,0.9686000897383883,72
2021-09-03,0.186510403728157,0.7413486958506681,39.6996545252279,9.424206273705096,0.9796049948665814,0.9875685888288216,72
2021-09-04,0.18432374070535276,0.6941393781517784,37.71699190274981,9.22414017548712,0.9760104683557864,0.9819046111853168,72
2021-09-05,0.18309678010895863,0.7025322703411148,40.80473195060316,9.094044661461467,0.9594894519040462,0.966277605286266,72
2021-09-06,0.18251848027620993,0.7306428353274055,34.83759692875456,8.671743490120704,0.9614464617453632,0.9695738773866204,72
2021-09-07,0.18861434789120274,0.8723567074202706,48.610099242493405,9.752585970357666,0.8211149623918753,0.7749935381622282,72
2021-09-08,0.19465504426112668,0.9271988914465908,57.77204576975977,10.484605637133535,0.8277134678429894,0.8126032306092639,72
2021-09-09,0.21047064897315423,0.9064441457351502,63.68118057203109,11.342722439923953,0.9682880631994283,0.9778427466958847,72
2021-09-10,0.19906181354653515,0.8778302994608242,58.04982544085981,10.589119442219262,0.9777319643298564,0.9807566339260335,72
2021-09-11,0.20143551744275087,0.8811252387503111,51.20253114615659,10.600335134904439,0.9718919615450875,0.972376616422497,72
2021-09-12,0.19517282957340046,0.8626048961390902,48.90990641014402,10.220049117261034,0.9831754075462656,0.9894996201616203,72
2021-09-13,0.1890787184688119,0.8760580095562702,49.07716501515706,9.875562363767246,0.9811864430493972,0.9835354680575569,72
2021-09-14,0.18322056142472318,0.8815289536533746,46.32228001047884,9.527388661470027,0.9799697141993361,0.981600558958406,72
2021-09-15,0.1853062129389152,0.9046357951806839,45.998672108746035,9.511651575123022,0.9827954234012377,0.9839627983362129,72
2021-09-16,0.1869536716873419,0.9485684614461296,45.6996562476427,9.566552073562722,0.9888043750765217,0.9882420479992188,72
2021-09-17,0.18853214174520755,0.971189371164702,47.6737974191316,9.691249009048487,0.9896823441580277,0.9885490277210405,72
2021-09-18,0.1831415694565672,0.8946089925341009,47.70389696730104,9.333159788965638,0.9870840969633157,0.9911314713918671,72
2021-09-19,0.1871518223257855,0.9167834390755542,48.44268900887023,9.708642162125132,0.9813250470570026,0.9900780312606745,72
2021-09-20,0.18276204143976277,0.9393905404240317,49.80016520902066,9.731953384538246,0.9675421255843295,0.9623692759473066,72
2021-09-21,0.17109663810544012,0.865176781525566,50.110937682264755,9.20739895135342,0.9578023248999432,0.9453968961458968,72
2021-09-22,0.18045092299220822,0.896664485267197,50.620116229705815,9.955677919036798,0.9717925626151123,0.9680890524400142,72
2021-09-23,0.1798560292104262,0.9080430633075265,54.12532409724153,10.12207108168162,0.9676039042346577,0.9647450427684124,72
2021-09-24,0.18619277733933245,0.9737876763116605,59.0018051296359,10.525758961270412,0.9860324990763703,0.9857936400838737,72
2021-09-25,0.19118852001037343,0.9957109771004689,58.45630770110491,10.857803086291817,0.9896844141707659,0.9903316716960978,72
2021-09-26,0.19093358548448167,1.0087769066620254,58.59107993468893,10.820575705072766,0.9962533059459416,0.9998169458881984,72
2021-09-27,0.18987067410693348,0.98446879305445,57.42237014546052,10.777123095482494,0.9934522613778418,0.9971205001310388,72
2021-09-28,0.18904972886777316,0.9574602164379638,56.64888350763179,10.798834923337196,0.9910828723456155,0.9956096442167636,72
2021-09-29,0.1865964216187597,0.9333040504226251,55.53805269423136,10.665510384825144,0.990965452991406,0.9918843275895847,72
2021-09-30,0.19306607348959595,0.9369290346458738,57.045726261647786,11.135611524782178,0.9911614670859087,0.9924809536188881,72
2021-10-01,0.18627436740824924,0.9073342820504925,55.0396957940331,10.770755408490754,0.9877186864769187,0.9906784806030123,72
2021-10-02,0.18824620830670166,0.9151522984412794,57.62452419830333,10.88848966579529,0.9860117998550649,0.9885224607558551,72
2021-10-03,0.1820888284405787,0.878468967725865,56.19478634183254,10.64321265946622,0.9920812030278278,0.9955876266746158,72
2021-10-04,0.1768056965112131,0.8831678388504178,57.34199032615697,10.359349879638952,0.9904943425364785,0.9949198247370838,72
2021-10-05,0.15606311492945002,0.9260882099649119,60.4770138094872,9.48082387065132,0.9091849666525053,0.9102584750739721,72
2021-10-06,0.17990051406144777,0.7411829234908851,54.21410306937272,10.800023592950353,0.8397597264177532,0.8506119665728893,72
2021-10-07,0.1834557707656971,0.7691790127244915,53.13146972878231,11.000644821325977,0.983657715560637,0.9934407222345357,72
2021-10-08,0.1822100093021028,0.7752865119526327,50.13932992007239,10.814354163059615,0.9803586348492331,0.9892258753286454,72
2021-10-09,0.18200225922261232,0.7098452610503999,52.62216594797627,10.846634551550672,0.9825389021583656,0.991164600313921,72
2021-10-10,0.16965752360070746,0.699428707731975,45.694915695497784,9.974745993410048,0.9644755590357067,0.9686843374435886,72
2021-10-11,0.16953076030606776,0.7535698333796252,49.51575998606772,10.030834421003254,0.9797649716788761,0.9838336959407691,72
2021-10-12,0.17217992672779328,0.7602731202391426,48.560205174902656,10.186157341828897,0.9790308742714263,0.983148015884029,72
2021-10-13,0.17432326625914887,0.7732971979499349,45.15054217457933,10.2187027200198,0.9864955513623965,0.991017677860838,72
2021-10-14,0.17651788007658437,0.7814670877989163,46.49141680792421,10.327029751294415,0.9912306881917108,0.9941136448554316,72
2021-10-15,0.17131401612931918,0.793738420847717,48.530144107584114,10.043858746114404,0.9851400879283962,0.9921235366011623,72
2021-10-16,0.17550109919176424,0.8589290811316102,51.295157519283926,10.287836724313667,0.9848267464112559,0.9928003636114385,72
2021-10-17,0.1721874633290215,0.8273785086527183,49.13458953578252,10.049193429024204,0.9899914179613908,0.9935378380983954,72
2021-10-18,0.16607576835428967,0.7501069203650621,49.48240189565939,9.53705309616422,0.9424551985971045,0.9376679299113924,72
2021-10-19,0.18234195012645923,0.8135974439289247,48.87041666514665,10.276384682003105,0.9307872645517467,0.9224428689287547,72
2021-10-20,0.18533928603530037,0.8712502399003257,50.3489790891014,10.33190212278691,0.9303770559105572,0.9154607844932037,72
2021-10-21,0.18633188735355688,0.9017966431436677,50.433527022894445,9.5937434964858,0.9010142179220106,0.8833750101737147,72
2021-10-22,0.167137138330858,0.8818772634554191,48.18383925247721,7.995653568002509,0.9082268674972565,0.8888400563975413,72
2021-10-23,0.17756664203714426,0.9455497202338002,52.7047183858067,8.394436451552735,0.9363264378510296,0.9149089348850838,72
2021-10-24,0.17861916655259474,0.8355177524427045,52.27666163850491,8.524223350910308,0.977395848292897,0.9920652427774748,72
2021-10-25,0.17819332349006337,0.8708907540827817,56.72634307793691,8.671184613543264,0.9529315580131396,0.9544367820359524,72
2021-10-26,0.19076407960052985,0.7851138013356167,50.66915102767314,9.027045136431601,0.9403301888401516,0.9400030266647417,72
2021-10-27,0.20694562338604863,0.9132171560801474,53.500147213927605,10.491767245207715,0.8847568057719484,0.8649640042797976,72
2021-10-28,0.20060014182028627,0.9127994937120611,60.29924651267501,10.418933026805675,0.8834880235274633,0.8623328037626824,72
2021-10-29,0.21477779514725426,0.9304396601769205,70.77547273289463,11.365001790122308,0.9302528754009118,0.9228290490142655,72
2021-10-30,0.24179707765425154,1.0093214774770254,74.97997129145679,12.640365363133697,0.8979419564491273,0.8915796794211557,72
2021-10-31,0.23132410012882917,0.8473471115182525,70.85284689226908,11.658119972388404,0.9478878764081926,0.985242822620506,72
2021-11-01,0.22995023476488105,0.8635452134321309,59.3180866296184,11.138116572945668,0.9534180672854162,0.9748973906024222,72
2021-11-02,0.2292480413149582,0.8915682125843616,59.03275219955479,11.030340708604529,0.9742726054653452,0.9806764872030259,72
2021-11-03,0.23107715920246397,0.9184326189674237,61.692097695412656,11.207626897617933,0.9674257049295889,0.9754711529707938,72
2021-11-04,0.23224462048510056,0.9458307145751947,61.40418268417079,11.07186754111552,0.9781848028052998,0.9970771317163282,72
2021-11-05,0.23243674498044506,0.9083383448526094,61.44061269617816,11.052411570821246,0.9857535921598453,0.9960723839777736,72
2021-11-06,0.23327085386590357,0.9071544508332268,61.17892795262742,11.09085191067414,0.9879475942539842,0.9947053563581202,72
2021-11-07,0.2330419456875239,0.8928006430245182,60.27593821881694,11.084982095459745,0.9764584360138202,0.9733145340619118,72
2021-11-08,0.2468726468592544,0.9688997971543881,62.5144380000455,11.722789886861511,0.9790600882407449,0.9814473745708535,72
2021-11-09,0.24327441244417045,0.9439290310120543,62.06104385334362,11.68158259391599,0.9784054280326915,0.9900565706006701,72
2021-11-10,0.24964158981420043,1.0020792488192676,61.68692323618696,12.171118514527244,0.9537158006843657,0.957824848768416,72
2021-11-11,0.24119788005677217,0.9493574829306409,60.34085044733884,11.7718138346069,0.9785067180153888,0.9791400619562461,72
2021-11-12,0.23991080424468486,0.9263172169844871,59.93470520436094,11.84730448177823,0.9869050175587422,0.9931627955426257,72
2021-11-13,0.2446217707948672,0.9901062790052884,60.70114819841229,12.15521826231479,0.9912314711368451,0.9971655167637803,72
2021-11-14,0.24693420788626086,0.9743491191094815,60.669574868605025,12.250545583390196,0.9960788723983542,0.9989337400887262,72
2021-11-15,0.24600381088179976,0.9605261008624246,59.68670875674546,12.247255035998892,0.9962900366547106,0.9983459686090708,72
2021-11-16,0.2376249268152286,0.9199722427298023,58.6363091263206,11.959415294107227,0.9736836789350227,0.9666962002594465,72
2021-11-17,0.2258518187030852,0.8680551183642788,57.25304332851517,11.349829732693467,0.9763302130989924,0.9683328701993408,72
2021-11-18,0.22473498981716067,0.8659534772412312,59.646805384075755,11.38774750612666,0.9693380076970459,0.9648207450605831,72
2021-11-19,0.2148308785095682,0.8066675554163312,55.96963381142857,10.819230123805864,0.9806639095169845,0.9841382645406964,72
2021-11-20,0.2172686491132983,0.8345932108322761,57.21597093134645,11.085315429765709,0.9838216967311452,0.9830473116697529,72
2021-11-21,0.2221552673595776,0.8763898857682573,59.63427547714499,11.48486668685373,0.9913723321513593,0.9951189655570369,72
2021-11-22,0.2192750473574759,0.889911362452804,57.672427012086565,11.34957549981636,0.9851060450572088,0.9906382002563634,72
2021-11-23,0.22032845092420517,0.8858554408751018,57.567189538841546,11.269001680131385,0.9784956186447764,0.9834987828460613,72
2021-11-24,0.20022441508273725,0.8242612968931968,53.9082753780272,10.12681780850878,0.950262880284549,0.9499138481249482,72
2021-11-25,0.19936544977108178,0.8126524657851735,44.645038955695284,8.939666093440021,0.932608948039919,0.932559866573177,72
2021-11-26,0.18968323500391254,0.7925266272422735,43.34630393027157,8.46926346134016,0.9147810040926511,0.8661850354633297,72
2021-11-27,0.18389015070759532,0.7995344003956135,39.56954672555315,8.479952507123475,0.9455024606462787,0.9345733345481928,72
2021-11-28,0.18902619794385256,0.7866848513779825,39.78347912380144,9.018613759302122,0.9560334663880754,0.9876027605160874,72
2021-11-29,0.20138480696056243,0.8416197001451207,45.862319309486324,9.955271714545177,0.9574255091839372,0.9779881731249883,72
2021-11-30,0.19594225709973803,0.8645642117703143,44.829663025120766,9.693082937382561,0.9719939324280316,0.9814900480175508,72
2021-12-01,0.19650236240718535,0.8838858119973843,45.31003338410998,9.714640446985596,0.9789421726373314,0.988745516377628,72
2021-12-02,0.19637278717658743,0.8736898628070424,45.97615106952172,9.830835226016756,0.9810207797609899,0.9981236060028305,72
2021-12-03,0.20332007473964622,0.8708713498295668,46.08789808436582,10.350692569498275,0.975156489111909,0.9866666333093751,72
2021-12-04,0.21421601153438935,0.8238771300130606,55.09690826527394,11.271162543785326,0.9107380790319172,0.8934905058289957,72
2021-12-05,0.19054058015099232,0.8689760529755206,52.4210820435737,10.035784968690438,0.9450097578737354,0.9349029762327482,72
2021-12-06,0.18893757477141643,0.8597465525199828,54.94242533644886,10.023521718485577,0.9859274195216086,0.9878534873887359,72
2021-12-07,0.18791640833182605,0.8838253233665089,55.96390293235078,9.980394710466738,0.9777527252868758,0.984793626891668,72
2021-12-08,0.17645714830274434,0.8424014976001026,53.229750927780124,9.493522316818437,0.9484553377136282,0.9613370415190174,72
2021-12-09,0.18528328769880506,0.9046352173936287,52.34296653277346,10.00594451425703,0.9629184183873003,0.9627716145154321,72
2021-12-10,0.17653613499178444,0.7881036545596256,48.2001844173635,9.473719560152349,0.9802835680531788,0.9809565288835925,72
2021-12-11,0.17037125293431823,0.7910971496599818,45.512909359371704,9.064007574669974,0.9828064412427432,0.9854264659480709,72
2021-12-12,0.1653722793445619,0.7806086704617413,45.742870930810405,8.77748520271318,0.9899069426296896,0.9892921748688467,72
2021-12-13,0.15927205893797058,0.7677131450984184,44.64343427262613,8.495139949358176,0.9866150773573235,0.984052213375996,72
2021-12-14,0.14957661550459053,0.7467949089224846,38.13115934353104,8.037210610674451,0.9578619136071165,0.9487399108046993,72
2021-12-15,0.16954923463151567,0.8102061638087379,48.11336741384537,9.40747100061169,0.9631025809214508,0.9594535463998223,72
2021-12-16,0.1670487195056365,0.7809445530574752,49.10594447693971,9.267362298815986,0.976885043074169,0.9800103773352888,72
2021-12-17,0.16911824328728045,0.8262017465910216,50.504463854899875,9.433569318574348,0.9725066358134135,0.9766120544819781,72
2021-12-18,0.16866692479808057,0.8076082784349548,48.396117140713336,9.262699245972819,0.9773189617143471,0.9774984108187044,72
2021-12-19,0.16580304958290756,0.7730583465768381,47.55717281092497,9.116272664300775,0.9837963900400004,0.9898388115468685,72
2021-12-20,0.16432780584390566,0.7743459530459759,46.7750421542661,9.083165372905425,0.9787199263704037,0.9941007572954415,72
2021-12-21,0.1682116967085587,0.8264743073894121,46.435370287581506,9.285988781009156,0.968584845721233,0.9755256737086601,72
2021-12-22,0.1688290757895071,0.8686493636848531,49.05487120064278,9.480074822627142,0.9538404920544501,0.9656043394046077,72
2021-12-23,0.15835623278023953,0.7658781617981385,46.896644833063924,8.877154203894994,0.950490395539982,0.9600463178084844,72
2021-12-24,0.16168021674261965,0.7218410681248646,43.751230467493414,9.12241092562731,0.9123920080800408,0.9097813783042505,72
2021-12-25,0.16479986519105105,0.7968609341116588,42.482999894049826,9.196277404894023,0.9562983732180383,0.957234888966687,72
2021-12-26,0.1622016305733841,0.7419885451427021,42.493045524881836,9.027380256687106,0.9920928836284342,0.9950439351220883,72
2021-12-27,0.16227973759417338,0.6982211852676625,42.417772444237045,9.05531178149683,0.9904338878543776,0.995456619520476,72
2021-12-28,0.1541275906095995,0.7219581029476034,43.57260920557269,8.697152092539337,0.9693551252210014,0.9726663772735294,72
2021-12-29,0.14946879122328785,0.7616630966754343,42.32610304322335,8.48152597773371,0.9755931526799003,0.9789229553834193,72
2021-12-30,0.15091101918737243,0.7888562974118936,42.00514646252308,8.657989941313858,0.9885865837897058,0.9936133696525756,72
2021-12-31,0.15664315262000097,0.7462669979966017,44.21389489146034,9.010219001718426,0.9757586185869583,0.9801781080250715,72
2022-01-01,0.16056849059163616,0.7345228503329404,51.885908814515574,9.485231107223846,0.8704707181240616,0.8585801059198844,72
2022-01-02,0.16319342146662544,0.7773815844055653,43.91961112542982,9.415459707185748,0.9081337994074214,0.9030200815008186,72
2022-01-03,0.16330333280656995,0.7633004540610868,46.63336679226856,9.408129570118236,0.9765362307007218,0.9821259207497294,72
2022-01-04,0.16692728524043884,0.7705893394878834,47.57406378179511,9.632983758625087,0.9856095614822346,0.9940763928237026,72
2022-01-05,0.16572125105562174,0.7610118885983774,48.16532440092139,9.56064700691236,0.9664909590598887,0.9683812890135046,72
2022-01-06,0.16965313092874415,0.7659209178759125,51.20815669560879,9.862694182122116,0.955968663974214,0.9549069290808385,72
2022-01-07,0.17700341239238554,0.8059784205960472,52.34581587972053,10.174537804358742,0.953552796870453,0.952992299171858,72
2022-01-08,0.17379147656508642,0.7972969894822912,49.911865452414645,9.945443628423218,0.9746226627154402,0.9743620159036046,72
2022-01-09,0.17464626037884734,0.7859541147177739,49.77022015128059,9.920674572923962,0.9879796090298213,0.9891528181322512,72
2022-01-10,0.16736562842821193,0.793194597390952,50.88213338567395,9.591350250345789,0.9621418579329124,0.9562291561786537,72
2022-01-11,0.17984422703699052,0.8359720968827797,57.02336662584264,10.102498437380278,0.9153171552289467,0.8995234446280609,72
2022-01-12,0.17705261318027316,0.8025793395421809,56.7335367363786,10.057615016914193,0.9618814878413314,0.9604122189372984,72
2022-01-13,0.1818689120011815,0.8251568472173312,52.77027049793671,10.482475475568577,0.9548624090152975,0.9546102688155997,72
2022-01-14,0.17516025848528582,0.7907785597843093,50.580591731602304,10.054457064494766,0.9768725059405965,0.9822758819629558,72
2022-01-15,0.17739210473044806,0.8463066339331515,50.21186189555571,10.112098030762095,0.9817966478714891,0.9878775286485725,72
2022-01-16,0.17856387865754073,0.8470773127385363,51.90329778293973,10.178505911470433,0.9880880266083009,0.9943405817588921,72
2022-01-17,0.1828630692957823,0.8944609839174459,55.35613166591068,10.435409674042893,0.9824313052559629,0.9903063047469316,72
2022-01-18,0.17651538669866185,0.9184407069928189,53.50596438381433,10.01236971623036,0.9720213637277594,0.9784810930890045,72
2022-01-19,0.1837800373540215,0.8733042926963637,54.723506879897315,10.60845063781856,0.9665405783324432,0.9715916649965156,72
2022-01-20,0.17852280503294693,0.8160139921261638,54.881624562700964,10.188094733594236,0.97438600968892,0.9741074024479807,72
2022-01-21,0.18289017523606727,0.8519910961193236,56.71452992370082,10.689464659120459,0.9212063090120803,0.9166610469910168,72
2022-01-22,0.16040764832198962,0.8473518067162864,43.46208080056101,9.12015754462895,0.8737488665840681,0.858977152662546,72
2022-01-23,0.17416705278000716,0.7873027267343184,44.08990683600438,10.029572907410053,0.958972743932085,0.9588066062605576,72
2022-01-24,0.16381417467832926,0.7827132534943653,41.2931677588534,9.405600855819308,0.9810077391839827,0.9822136803474217,72
2022-01-25,0.15116070319379885,0.7449861782003152,36.43707853061969,8.591519196618618,0.9607818323084981,0.9613091340428866,72
2022-01-26,0.150084703049043,0.6817506567705299,34.11737274948595,8.429433728660069,0.9634943539298896,0.9665843019778136,72
2022-01-27,0.14514876835300572,0.6592934510229809,35.52432796862918,8.171183055974176,0.9866623468418542,0.9934452380416023,72
2022-01-28,0.14845899839500376,0.6375498682081007,31.81916567310101,8.32460230201569,0.9888034066746276,0.9927390865049524,72
2022-01-29,0.14706328352121892,0.6850870626551593,32.412046617531246,8.295719490999717,0.9829841822470615,0.98253757276768,72
2022-01-30,0.15180008102725545,0.7040936232131438,35.76184740271822,8.570777522307592,0.9810756547965784,0.9830562891534013,72
2022-01-31,0.14770938664257274,0.6755493955845586,35.375117131992205,8.371539357957165,0.984521009939022,0.9920132612747845,72
2022-02-01,0.14906021695437807,0.6436854477996655,34.30627767943656,8.429793332741857,0.9792500211884286,0.9867932741703034,72
2022-02-02,0.13908182401453037,0.5987571651886612,31.183298610023073,7.796923461591984,0.9615845006202144,0.9636274108796365,72
2022-02-03,0.1428983349628505,0.6714701758963673,38.52968026181435,8.046300870512965,0.9603314125979262,0.9592829500622237,72
2022-02-04,0.14508413365581035,0.6442777312639003,44.64576251682774,8.33658941443668,0.9488139664093577,0.9469683837344915,72
2022-02-05,0.1510515305513835,0.6193521706278642,44.720977121538084,8.789016364465397,0.9664644366895748,0.9678239238317317,72
2022-02-06,0.14651522800957983,0.5775330965022087,40.45041554243501,8.380532644452401,0.9862231443337807,0.9905847598678138,72
2022-02-07,0.13778365220666167,0.5514375499717479,36.65439938266307,7.819097801929668,0.9771624262264015,0.9825640927941921,72
2022-02-08,0.12853549808158515,0.5495095578152689,31.302168043092156,7.179663116866045,0.9496903061774575,0.952742081924155,72
2022-02-09,0.13113042828442964,0.5402191661029675,39.97664932389779,7.4556994692595095,0.9672711871713942,0.9704409431016259,72
2022-02-10,0.13094174244147674,0.5645109549803989,34.90641384659982,7.368711958117222,0.9453669315191418,0.944012554608065,72
2022-02-11,0.12671687412277846,0.564268027611792,36.46640497915873,7.162110596399896,0.9257605719196869,0.9278044593391603,72
2022-02-12,0.12303068422833102,0.5608249952373499,36.48043317497756,6.943686199366737,0.9795693085870144,0.9847796207209769,72
2022-02-13,0.12332847858924814,0.5424898883949599,35.53907202315414,6.969533369180803,0.9931959227869582,0.9970532568051088,72
2022-02-14,0.12217979772398904,0.5563096023975942,36.42412299831795,6.952610088282048,0.9794104809205382,0.9844600191971781,72
2022-02-15,0.12584769693945883,0.6197195375726587,42.02966442982911,7.249726949660864,0.9550496284613793,0.9574637619019113,72
2022-02-16,0.12262028997156456,0.5780902257070378,37.92424010996045,7.060744362226213,0.9590764271401936,0.9580821236311305,72
2022-02-17,0.13271341760995997,0.5813634003690227,36.462172571064066,7.751814102927856,0.9671903431403223,0.9660359806107609,72
2022-02-18,0.12548009953919234,0.5808829974106842,36.727957074185134,7.350863128318347,0.9316245635574821,0.9227573490239902,72
2022-02-19,0.12984325845311145,0.569905699509882,35.73199255951445,7.302069870054708,0.7984481685693507,0.7629667252926102,72
2022-02-20,0.13959125483638796,0.6609592763475984,35.02067694029613,7.611930168451275,0.9115629967934397,0.895850583247069,72
2022-02-21,0.1421399449092111,0.6622021984571205,33.64153576415309,7.79629042955586,0.9502442482721701,0.9431200825708804,72
2022-02-22,0.14569712043460795,0.592527949898684,42.472018787280355,8.146820896623808,0.9591686009365453,0.9557953965050455,72
2022-02-23,0.1390698377687817,0.5871807333392183,35.843065679162564,7.745218887204134,0.9780984766276507,0.9830527347246296,72
2022-02-24,0.1375679440534406,0.5951675233469205,34.735913861500094,7.676506741074162,0.9839176462741284,0.9926354858369336,72
2022-02-25,0.1338010637823743,0.5909822525222168,34.87903197712078,7.506327331427578,0.9750459169294077,0.9764525480849168,72
2022-02-26,0.13120470809878532,0.5802063258661984,32.7422406376628,7.366821517099383,0.969128091059776,0.9692726149394537,72
2022-02-27,0.13587543561864976,0.5602785950139018,36.8442792822544,7.784750733141725,0.9751275625316226,0.9794527554521579,72
2022-02-28,0.13569850565617084,0.6038849730748727,40.43531560305302,7.923321050286737,0.923561306684669,0.9187516474053081,72
2022-03-01,0.1356805579141177,0.6531684326957299,44.28536369614464,8.099817930362445,0.8898936203588089,0.8824924170137459,72
2022-03-02,0.1349846116064182,0.6651028228379244,44.43287305067926,8.050430504336893,0.9810034140004938,0.9869722404771281,72
2022-03-03,0.1381444892753898,0.6819769559640619,46.447628498896734,8.217084566036077,0.9876438002187405,0.9891719210000636,72
2022-03-04,0.1416103062353726,0.6430230601908895,47.01672476467249,8.487336150880264,0.9564808544658184,0.9535711556902269,72
2022-03-05,0.15705803175601715,0.6673496476510439,49.595197342938874,9.404922139960284,0.9575110536646476,0.9571243609387623,72
2022-03-06,0.14940296384277937,0.6736929625241186,47.9150424259869,8.931360103028668,0.9878251927920689,0.9902665077296723,72
2022-03-07,0.1457974906208172,0.6924936753192648,50.66711790179632,8.763893995122775,0.9735827736451912,0.9756630816273928,72
2022-03-08,0.15784153569060558,0.7408917364746858,54.481818642542365,9.423955563469443,0.9711403882378,0.9788601295470056,72
2022-03-09,0.16011834030710848,0.738187706703515,57.265659491395205,9.662750725185067,0.9700498062605557,0.9740436721354998,72
2022-03-10,0.1562630828378736,0.7972575548920542,59.98352373380656,9.540682333110654,0.9587657147300142,0.9636048590701985,72
2022-03-11,0.16021333808203989,0.7945753485192864,59.33012883198282,9.826751114945733,0.9511504091185374,0.960820674065234,72
2022-03-12,0.16912711875403036,0.7982128927367731,59.71653225953105,10.345009354388349,0.9905955899582941,0.9931201007696216,72
2022-03-13,0.1679384420546603,0.8134973040393523,61.00011721575743,10.286719326103592,0.9973079422126451,0.9982801880539874,72
2022-03-14,0.16950961889488897,0.7803757705713648,59.99325964299415,10.391612167070878,0.9956616732114177,0.9966338194670248,72
2022-03-15,0.17048853866528252,0.7827654299437921,58.24713933288682,10.415357025357888,0.985477574943976,0.9865429657686092,72
2022-03-16,0.1753775536273052,0.8267565070305279,61.16199564434302,10.766641333030092,0.9740078722884158,0.9761692875976593,72
2022-03-17,0.1776500969466584,0.784809875449478,56.42369782706258,10.855942375200971,0.9644809777929539,0.9652433508731716,72
2022-03-18,0.17808351097952416,0.8240926460491422,61.00497549734769,10.885140423229613,0.9720382097763787,0.9732318395992158,72
2022-03-19,0.17784970661381894,0.8099032209415167,59.88562540154135,10.785707431051494,0.9828659777072539,0.9858051957183114,72
2022-03-20,0.17651256641795338,0.8069906468858501,58.31220453801952,10.638117847607338,0.97126693771266,0.977187115809087,72
2022-03-21,0.1802347819970075,0.801605866898188,60.51674989371316,10.850905471027701,0.9766257314211796,0.9785243543515043,72
2022-03-22,0.19324194442908513,0.8228860099848851,67.10728669247149,11.63854711166026,0.9734679433269583,0.9749004782599109,72
2022-03-23,0.19627886024218477,0.8670893921646803,68.9905900149675,11.81360028944305,0.9691332960393232,0.9762947600593016,72
2022-03-24,0.18782571742534857,0.8368961903644492,65.84385000304104,11.230241359748081,0.9726344008848182,0.9826413386381245,72
2022-03-25,0.1853681230697282,0.8371888868665287,61.883899694492754,10.945804137146615,0.9801710427494538,0.9835230273294534,72
2022-03-26,0.17859466406550734,0.8107435154245878,55.995316862110556,10.431001816434195,0.9722434196026044,0.981954408083917,72
2022-03-27,0.18186050562668618,0.9023450630304282,48.18629263405123,10.295098284348612,0.9316282391767848,0.9388045726391362,72
2022-03-28,0.16980508182250348,0.8986670747290714,45.42936280658907,9.390844752226672,0.9058213463186908,0.8973806117652523,72
2022-03-29,0.17474953922886785,0.9288466983572625,47.448333280230614,9.17932425433907,0.8813552971916957,0.8625086356040118,72
2022-03-30,0.1703305112654385,0.908636158520169,46.55628885085396,8.774229225551059,0.965465876958424,0.9745889106819264,72
2022-03-31,0.16782314933306744,0.8389261225088396,47.79427563840133,8.479148984107049,0.9544506152833229,0.9655216302190802,72
2022-04-01,0.1636765412089426,0.8690245392642322,48.385556735977424,8.157393379221592,0.9568309742834434,0.9585645557281258,72
2022-04-02,0.18948549002907591,0.9048920062977486,54.355766970626725,9.564669816223093,0.9654575204541361,0.963467607948049,72
2022-04-03,0.18061716276761877,0.8707106613890254,51.84036615532338,8.902756325974773,0.9813234191687541,0.9802574487597145,72
2022-04-04,0.18884625165464708,0.8235453865798752,53.24529630544819,9.23281237538195,0.975677626897407,0.9720232890106493,72
2022-04-05,0.19215963537436978,0.8223689763534128,50.41755571299761,9.477158666310748,0.9659084873956265,0.963768335269764,72
2022-04-06,0.18170422003469602,0.7902082809937563,48.926884229533194,9.321535128788199,0.8349533856569142,0.7660704560357441,72
2022-04-07,0.18279201022350616,0.766838575773354,49.67516423374307,9.60957650975756,0.905660116091398,0.8830338909946135,72
2022-04-08,0.1757633682211737,0.7799076241774677,50.1749031085567,9.265344316261853,0.9660781780200924,0.9656556895267981,72
2022-04-09,0.17353110732445345,0.7598213865356163,46.27482846245749,9.117107679873062,0.9906233044846986,0.9897476482199768,72
2022-04-10,0.17184327293906831,0.7617235649774482,48.93491002875283,9.087410239102343,0.9950038802006266,0.9944539268440242,72
2022-04-11,0.17375733306525673,0.922502877002945,56.450123299166286,9.513366360147774,0.9703434134952331,0.9637054677301533,72
2022-04-12,0.16741580180560706,0.8423981414471082,55.23765767468784,9.25880228609209,0.9731234193933672,0.9687766173478666,72
2022-04-13,0.16026170204926973,0.8184525352551058,54.59084969912461,8.78328759053007,0.9857583925556198,0.985890014253207,72
2022-04-14,0.16425792055023222,0.8230936796559423,57.53286937393186,9.040916860776434,0.9834609367936893,0.9829611664101288,72
2022-04-15,0.16122221157483546,0.7843251857381557,55.46854146461219,8.886238198453574,0.990314764491852,0.992130068930473,72
2022-04-16,0.15773852124638268,0.7530562487023152,53.97967707459384,8.659750459886688,0.9896934879632734,0.991013739365771,72
2022-04-17,0.16131047226584755,0.7388241548512169,52.59804629611886,8.850244035452024,0.9842900780003357,0.9862443955030512,72
2022-04-18,0.16374735542428082,0.7718012758000603,53.96303973999013,9.001714787700596,0.9871929474976997,0.9897456116927268,72
2022-04-19,0.16207927907314443,0.7721979854145176,51.83324460811946,8.980039845502564,0.9843939768911202,0.9866629500753379,72
2022-04-20,0.17074256371527644,0.7817922420316954,54.71701792730418,9.590471621154284,0.9672651468258745,0.9697777782822143,72
2022-04-21,0.1675827649255016,0.7644934815387816,55.251832872089366,9.487515970828463,0.9791507551105477,0.9839719355156195,72
2022-04-22,0.16804377425608308,0.7361992168651252,56.2710217445281,9.629078997452615,0.9862414806277333,0.9922238146103647,72
2022-04-23,0.16425666017677745,0.7507420556270457,56.45144943606263,9.466009200463713,0.9884626737440185,0.9929503039516795,72
2022-04-24,0.1628377946750527,0.7581301441013034,56.64189758503554,9.315310101900032,0.9573648230248035,0.9561783033679724,72
2022-04-25,0.17015150633358553,0.8004092948967254,62.232691646704836,9.765330631303565,0.968637099934368,0.9725016123777341,72
2022-04-26,0.17075819178770016,0.8862689153200586,63.19319869837417,10.084165084201505,0.9654444217739614,0.9713567489973027,72
2022-04-27,0.16538355371926533,0.9073566308779664,67.73994612776967,9.879169191623397,0.9720600547047915,0.9775691814932579,72
2022-04-28,0.17058765078620347,0.868550707416599,70.74345612329066,10.333679928764864,0.9599244924313194,0.975559225391925,72
2022-04-29,0.17086656322948252,0.8362105871258716,70.34012171463003,10.510253090782053,0.9699986578550182,0.9812897014480719,72
2022-04-30,0.1676322347160499,0.8432908706740619,67.6639447104493,10.490454746607494,0.9583346055572753,0.9637035654695207,72
2022-05-01,0.16347299650090272,0.7856368152046139,68.11555227512011,10.337322856163551,0.9604206108849523,0.9637598231579206,72
2022-05-02,0.1614740197430111,0.8098575036149402,67.38020275530769,10.121285953743225,0.9769093444219092,0.9797137306404434,72
2022-05-03,0.1663740189852403,0.7954691906581038,72.54775310176663,10.653816237594391,0.9800500101980938,0.9875188195113284,72
2022-05-04,0.15228242084720242,0.7955938440744293,56.59697631311977,9.33639451458634,0.8110945676028825,0.8051770463340816,72
2022-05-05,0.16738706797613623,0.9779675928057125,49.30242761255809,10.188485824070947,0.9187744311071911,0.9197029590780621,72
2022-05-06,0.16957330433228182,0.9524272576717905,52.965527354054174,10.487202003061551,0.9718318072211394,0.9732672661717916,72
2022-05-07,0.173239351277986,0.9400559612864621,53.21275083435002,10.615755125978314,0.9905896587960517,0.9918610289250344,72
2022-05-08,0.17185642475209348,0.9315234136379558,52.505746320532566,10.482593763795302,0.9948260076736276,0.9959382885425105,72
2022-05-09,0.14291893570761183,0.8872808842609121,44.3595964269975,8.76316954900979,0.8713923660441746,0.8674654909536078,72
2022-05-10,0.13319357894640482,0.7605189577038414,42.43739640618985,8.173198978589804,0.9068142317256696,0.9041415876608655,72
2022-05-11,0.09868706370270718,0.6963671409528043,37.67272438405945,6.136403048552844,0.8037760069892063,0.8017742082298543,72
2022-05-12,0.14676103209230515,0.799823849761629,65.11663195319011,9.600710196893907,0.6260438505358675,0.6124624871616217,72
2022-05-13,0.17032822611173595,0.865146178995504,72.74965458662813,10.957222749357696,0.9798100993871314,0.9837589550076816,72
2022-05-14,0.15997268157904193,0.8032819386589568,67.23242275872418,10.3519400677824,0.9760931794475826,0.9771362663765163,72
2022-05-15,0.15721200882209443,0.7825895564792926,64.8888196887184,10.10377320849969,0.9873287273068891,0.9876279933239427,72
2022-05-16,0.15243478561275003,0.761068672062787,62.747142632425316,9.75231854103531,0.9947994224378472,0.9951097494030108,72
2022-05-17,0.15131280273497547,0.7469284527330571,62.93179374639688,9.745279287385024,0.9952778006510353,0.9955151433875392,72
2022-05-18,0.14777179376372904,0.7523895190130968,62.74686132836349,9.520069260028428,0.9910582374336603,0.991336784699448,72
2022-05-19,0.1441650039903194,0.7322863011053168,61.173970106813556,9.331875287588232,0.9930847648675764,0.9940341413256631,72
2022-05-20,0.14378605544275214,0.7315795741981599,60.83182550147207,9.329361934376594,0.9967384762412884,0.9973246035744149,72
2022-05-21,0.14196671623011542,0.7193344438316699,59.98331995667672,9.18416178236003,0.9987988620575787,0.9990815640715032,72
2022-05-22,0.14308815659390542,0.7013946506788908,58.92795568606599,9.21235320306386,0.9961892403502217,0.9963228800831881,72
2022-05-23,0.14442121605919064,0.7076001832088545,58.30334849308941,9.307522077682089,0.9956576623913546,0.9962577642165983,72
2022-05-24,0.1414298404028803,0.6930070053113783,58.31015292277795,9.06796551549686,0.99189530236334,0.9928462474400106,72
2022-05-25,0.14414286998689096,0.7057326973227224,59.11544194752397,9.243257610238558,0.9970415081824152,0.9974060699365234,72
2022-05-26,0.14576616704652004,0.7043893260734974,58.759074154701025,9.311040533678877,0.9974191620375695,0.9979660983614991,72
2022-05-27,0.14591775320751807,0.7027833522014404,58.97913883781614,9.322913641648073,0.9966369357396223,0.997104669522169,72
2022-05-28,0.1451896370911106,0.6848518370759307,57.33665627825734,9.229773258525404,0.9940014696573638,0.9941478672639712,72
2022-05-29,0.14812728795426122,0.6828172394443063,57.40472178234994,9.406030715028232,0.9905712278498691,0.9910567588095419,72
2022-05-30,0.15366873533909894,0.6829412852301298,57.892480686045104,9.671878419391403,0.9825219943876283,0.9832561610619244,72
2022-05-31,0.14890515883518537,0.6497215871210177,54.460631073143645,9.281274453777154,0.9846566227021315,0.9864331303914354,72
2022-06-01,0.15221933461020795,0.6325857343377466,53.994662008471344,9.427456250103834,0.9900191139668383,0.9907616368611422,72
2022-06-02,0.15654995698992466,0.6315975577742827,53.493622636870725,9.653671236582095,0.9922177431584762,0.992761609885606,72
2022-06-03,0.16454307851043481,0.6433906253484066,55.13262176903106,10.198958080871913,0.9910421386885807,0.9912534687256269,72
2022-06-04,0.1641384809196637,0.6381563153652702,55.01441899027335,10.187290535690394,0.9989137219193435,0.9993883366041589,72
2022-06-05,0.16598708470990697,0.6443667903470602,56.26838760163099,10.347023290052627,0.9986923800240459,0.9989878815170383,72
2022-06-06,0.16099996176530942,0.6116629827077806,53.14082944043648,9.860819837363165,0.9811701576627926,0.9812365905984319,72
2022-06-07,0.2066769800263245,0.8209115146565547,65.19727411932682,12.704757702842715,0.9801756006471792,0.9823430552698013,72
2022-06-08,0.185575240873164,0.7187796509450242,57.66634528740926,11.3148053432528,0.9565478116422131,0.9566200372029798,72
2022-06-09,0.15891854940191502,0.6647613527000484,41.73494506130781,9.390266949629599,0.8067858606197073,0.8094606986502576,72
2022-06-10,0.13539252865253476,0.6474869864043703,35.52296297477251,7.811149328210013,0.8976433946643053,0.9053005627390345,72
2022-06-11,0.1450944076749669,0.6419558123648302,40.43945505406986,8.539108407958995,0.8857625370342428,0.8856473372676252,72
2022-06-12,0.1323731168342702,0.6389238113184216,35.72875818842226,7.846665929407134,0.9177711682475171,0.9148385651862222,72
2022-06-13,0.14459828121128865,0.6859296157863329,43.97609799575905,8.602441059861162,0.8051268541199615,0.7981794786052328,72
2022-06-14,0.1551880676081953,0.7753563386554674,55.07988540441822,9.323846369408018,0.9451086780340634,0.9553582861897905,72
2022-06-15,0.16506940646931978,1.0361350585075686,64.87707380561352,10.118026539125372,0.9336893492872058,0.9330972456854971,72
2022-06-16,0.1535522669264519,1.0226485706077906,67.16566931376973,9.731187117978504,0.9197975442454368,0.9168581858574774,72
2022-06-17,0.14579079222020522,0.9738730327477817,62.06483446508099,9.343546114116803,0.9639020901979787,0.9622942927030648,72
2022-06-18,0.14042821008407433,0.9994089138716049,63.66443572886951,9.140057090342342,0.9873928293592349,0.988516406527623,72
2022-06-19,0.13932959106324835,0.9694401946372075,61.05923460052084,8.919896160366278,0.9735545535725662,0.9744749874210937,72
2022-06-20,0.13908489303460111,0.9872118980118172,60.62558041188898,8.874149200366606,0.9531428817542267,0.9544744865891108,72
2022-06-21,0.1404185392756175,1.0042381956556823,62.88552329654138,9.069688130035694,0.9755275862050066,0.9819460081709651,72
2022-06-22,0.14359007814387678,1.0074366387501952,62.35309986515284,9.217917784605543,0.9893668359522114,0.9926895293158662,72
2022-06-23,0.1330194550121257,0.9587306896742027,60.19379027529352,8.640112676429696,0.9656354344158077,0.965681779699347,72
2022-06-24,0.13713544101606587,0.990119867637367,62.08214296490346,8.928340204166293,0.9658557328547739,0.9669656637450976,72
2022-06-25,0.130454823962845,0.9760706594454099,59.9459986107648,8.506184191684513,0.9913806702470168,0.9939026488691388,72
2022-06-26,0.13359540938449588,0.9624578817813452,62.777274060927155,8.653197805787935,0.9902440228957916,0.9921021096275905,72
2022-06-27,0.12248411847541905,0.9088535625358096,53.02641118834038,7.828262143666379,0.9748614880921672,0.9769926399109391,72
2022-06-28,0.1148490922407352,0.9507438954772194,57.22076990413186,7.523384653969497,0.9598244147238522,0.9624383509054844,72
2022-06-29,0.11026095709234221,0.9484070222823414,57.264021280804606,7.295730504496881,0.9554162414752488,0.9533477466287659,72
2022-06-30,0.11421196034491381,0.977276981640788,59.4501632547502,7.56699120450524,0.9857649355400885,0.9866727366285398,72
2022-07-01,0.11715339720408946,0.9737705064883042,60.507271752717394,7.740128347333712,0.9922724119908622,0.9942532339027899,72
2022-07-02,0.1165009414184714,0.9813272395987447,58.41168527684238,7.627866400558961,0.9931462402007611,0.9946911803376489,72
2022-07-03,0.11780475820324607,0.9832189280969483,59.83482178618129,7.714773938110318,0.9972388192672551,0.9983156512209519,72
2022-07-04,0.11652069977119965,0.968881725560593,57.57568436636669,7.605151725963963,0.9937465509685166,0.9939665146427004,72
2022-07-05,0.12063016785744063,0.9809179075172828,61.131073282056505,7.8819139309979125,0.9891196335707965,0.9892839626825091,72
2022-07-06,0.11909229546212138,0.9699031037414849,61.31539410294289,7.777583585581787,0.9939299158975191,0.9955461526178508,72
2022-07-07,0.1191867631364828,0.9731342904632869,60.27973358458047,7.800448217393418,0.99112324994934,0.9919678926458247,72
2022-07-08,0.11919220429715917,0.9688286025514486,63.7431967766052,7.886246085199259,0.9882578950693749,0.9877105816915053,72
2022-07-09,0.11827477966487855,0.9851519836165671,63.53137293121857,7.82652262010206,0.9804392091009431,0.9799224545497734,72
2022-07-10,0.12876782025569578,1.0498660100559154,67.33353800941136,8.536989414672055,0.9584937097611297,0.9571904226893837,72
2022-07-11,0.12948210501733523,0.8833298051100047,54.427462507212226,7.865757177723951,0.8350627474133023,0.8210636714253781,72
2022-07-12,0.12760355510794152,0.6617644854405313,44.68744883327317,7.3971137955109985,0.9135058441393309,0.9171462306752027,72
2022-07-13,0.12044292165900428,0.6861816956873309,35.84213280650701,6.898435936593661,0.9469860596945107,0.9501437295945827,72
2022-07-14,0.10932138864146575,0.5356810836913002,26.918093762000844,5.92287888399325,0.8314118675192836,0.7966771202724606,72
2022-07-15,0.14183232924766098,0.6204162335082577,35.40855540816282,7.815957665843274,0.9058952830991668,0.8866064064563015,72
2022-07-16,0.13821093648902466,0.602883504395169,33.02899740004831,7.575041210597885,0.9649022255783107,0.9622387559365442,72
2022-07-17,0.13232402225143244,0.6196486518035639,36.79298213936897,7.109791790678412,0.9177809034774282,0.9043197644710554,72
2022-07-18,0.1399928734056114,0.7543730919511626,37.43427704842115,7.801845328362476,0.8142118833719482,0.78572121344428,72
2022-07-19,0.13754096548061312,0.5516032876040835,40.644120886537316,7.79756209700471,0.8792940517308275,0.8859512353268382,72
2022-07-20,0.15579036677594876,0.7537695272322232,45.296316316534046,9.125582114303485,0.9300698995893262,0.9405012334356729,72
2022-07-21,0.15677170432096205,0.6498631405645814,46.45942792522274,9.170135647051383,0.9478695281315557,0.9463883784423107,72
2022-07-22,0.15993118383922256,0.598358998825629,40.51729831025457,9.136724797878315,0.9258909766977306,0.9245774899945308,72
2022-07-23,0.15683579369072745,0.6027927875381685,37.91912240288243,8.822510064800111,0.9728585752529133,0.9821404768477306,72
2022-07-24,0.15264053385169635,0.6658907448419751,35.382597528284506,8.586184215332752,0.9718087023350777,0.9755600904941888,72
2022-07-25,0.16344467278842123,0.6316966215637407,43.00714864996244,9.48495864933905,0.9495999264483027,0.9519616013620497,72
2022-07-26,0.14986793570117182,0.637549427177479,36.84918233123863,8.690390826521886,0.9231011916340798,0.9191018815569078,72
2022-07-27,0.16587381045402239,0.7112082075311921,46.920863745362354,9.798330308115812,0.9495424691607257,0.9497437540073815,72
2022-07-28,0.15671141074505016,0.6242237495637748,42.69128409790845,9.182852445319789,0.9142553685789718,0.9110586273885127,72
2022-07-29,0.1587903519373672,0.6442747124998611,39.519027492910155,9.210414168409338,0.9578777250581468,0.9687598447632366,72
2022-07-30,0.16098081680869425,0.7099975118340683,39.00027340929113,9.26218219305117,0.9852608937380275,0.9978386081119484,72
2022-07-31,0.16026766028853962,0.6954733597072984,39.03754503188191,9.173496791897152,0.9867978369371689,0.9931293709877561,72
2022-08-01,0.1564954377325762,0.6495527415848585,36.06706682705096,8.868698223470027,0.9847732036238606,0.9924065692278531,72
2022-08-02,0.16304274855582393,0.6122547170853156,36.3239618376994,9.288459747187503,0.975482587935922,0.9769322318828567,72
2022-08-03,0.15870126379951163,0.6182319953551275,35.00505751876405,8.956060341911174,0.9898417767042945,0.992154957910679,72
2022-08-04,0.15588832727871632,0.6002053319918447,35.3884291510634,8.806863908680594,0.989083956567125,0.9907469848936372,72
2022-08-05,0.154891196222497,0.6125889109767033,37.93044660719548,8.783573445212308,0.9833797833464364,0.984601525915808,72
2022-08-06,0.1551215440133192,0.6345978143833427,37.755816310614556,8.77317499051444,0.9863179944596319,0.9884128269403614,72
2022-08-07,0.1467738110979656,0.6188579956084661,36.574128705774896,8.215523534723806,0.9834724994925258,0.986580628546432,72
2022-08-08,0.14430000117759348,0.6220095328591728,36.822369509734216,8.03446717915539,0.9655282165375388,0.9645900435522686,72
2022-08-09,0.1582023320396274,0.6866853528605168,41.14344463940883,8.835051089641023,0.9535844265587404,0.9473953701616251,72
2022-08-10,0.16017146922149578,0.7024176095807749,41.537364423570516,8.906650026433766,0.9678936699364767,0.964281761129882,72
2022-08-11,0.17347073294205323,0.7345322802653859,44.22689163497913,9.70062612824131,0.95677867202822,0.9560769360874954,72
2022-08-12,0.1703548281739481,0.7630755494370727,43.25020542766209,9.459228405505154,0.9870869674963856,0.9918978548355262,72
2022-08-13,0.16867118860452143,0.7519920001607855,42.814066919895566,9.366790961942437,0.9939897251567961,0.9956861744388621,72
2022-08-14,0.16935501798804076,0.7389765520234428,43.78840681551657,9.449344083550205,0.988672369345901,0.990559362429324,72
2022-08-15,0.1708485687732284,0.7334306447126105,41.977007965165,9.540858437149993,0.9474314563043214,0.9427065102906642,72
2022-08-16,0.16636746744397593,0.7595652322047198,43.427323946432395,9.10264800037693,0.9287372179769847,0.9227301481370158,72
2022-08-17,0.16037410693547802,0.7451332424039363,43.759884362687046,8.782415015923664,0.9543587917232903,0.9520522714519836,72
2022-08-18,0.17140279447569176,0.8558209027409724,47.630901275546265,9.578244425664844,0.9623854012131681,0.9591546372505391,72
2022-08-19,0.16505324554035836,0.7945432953867537,45.225615504285585,9.296250287977681,0.9460338666915686,0.9396854459103544,72
2022-08-20,0.153013993765274,0.6993209608089385,39.67884081001456,8.584120122743007,0.9624520868074404,0.9612847524449344,72
2022-08-21,0.15337452337412008,0.6581811360165903,40.76959158989354,8.634405552267594,0.99317337280945,0.9950170090414853,72
2022-08-22,0.14583590859439058,0.6064415346583787,41.44872918478169,8.150539035741424,0.9694776025594559,0.9657764749580966,72
2022-08-23,0.1508672823694301,0.5997182152237814,39.075519738258606,8.188853266698622,0.9590357945883635,0.9539755664898357,72
2022-08-24,0.15112188805707588,0.716508538165036,42.67109622324101,8.274170473375268,0.9571614783942228,0.948713662060838,72
2022-08-25,0.15066748146401707,0.656845995662404,32.46505241552588,7.740602092691265,0.8633449437715481,0.8284226848462393,72
2022-08-26,0.14428755887193226,0.6219701169690102,37.576996747279324,7.554622923218118,0.8815721477699511,0.861346901128985,72
2022-08-27,0.13895958708502448,0.6643635387667731,37.144389099840865,7.553713344736114,0.9377611744656398,0.9417332501730045,72
2022-08-28,0.13622929401112321,0.558207234966629,34.401248364635926,7.305587499348986,0.9818751891010065,0.9922611168497588,72
2022-08-29,0.13256690167883242,0.6153836658979435,40.509824545109645,7.3830461799574705,0.9598074933083524,0.96648810872584,72
2022-08-30,0.1308987113202914,0.5636015047967369,36.11885698705264,7.295269025246093,0.9402014544643792,0.9376547027701032,72
2022-08-31,0.12373052189840594,0.5795227852070175,32.939820590808836,6.905030572118165,0.9780005600197472,0.9826039496841801,72
2022-09-01,0.12415474908469404,0.5835950756538772,32.356464433700474,6.954822965447278,0.9880612547387941,0.993669469079467,72
2022-09-02,0.11642125504919343,0.5555084248921517,34.81296858774394,6.489145229393656,0.961874700861247,0.9594609594136949,72
2022-09-03,0.12817717218242608,0.6194327259710568,40.214055013911334,7.282543878780159,0.9584599120452093,0.962751029131038,72
2022-09-04,0.12262391405094318,0.6076854362197484,40.2498199533305,7.061877575734104,0.9775227098954203,0.9892015947079248,72
2022-09-05,0.12125670883407752,0.6289568838414406,38.48887225679222,6.994863573365448,0.9732698752312445,0.9826723980917684,72
2022-09-06,0.1284763964135254,0.6769244138143767,43.78638734778159,7.667218648906543,0.9200956671451356,0.9154510156943994,72
2022-09-07,0.12821551868508652,0.6619542632892027,45.81651482084836,7.703930069208486,0.911049827729738,0.9031853306336087,72
2022-09-08,0.13956554170679836,0.6267246110174157,47.716624792732105,8.26863410546147,0.9203873299678754,0.9188768608173582,72
2022-09-09,0.12614262382913713,0.5924359814025141,47.65350793477578,7.672170144662769,0.9475394988863513,0.952749606451927,72
2022-09-10,0.12598604663671936,0.5935059157206111,44.51001318526498,7.614825888552307,0.9773319764965344,0.9806392650542747,72
2022-09-11,0.12570972704546987,0.5941873618481983,43.98528629314255,7.595488282484339,0.9909099092893254,0.9950764324911078,72
2022-09-12,0.12618202377789953,0.620484520613664,44.38016500534843,7.612193303030344,0.9819789637976867,0.9922730165185136,72
2022-09-13,0.1298172342142192,0.5566831757011216,43.49623729435765,7.658207729303364,0.8932927067746134,0.8915075403143473,72
2022-09-14,0.1235336592157078,0.634952224326994,44.459860862778726,7.415363357349931,0.9313962873223666,0.931769799303449,72
2022-09-15,0.12673535184988105,0.5933111487626362,42.43572707868328,7.438314355775691,0.9693438711215254,0.9729937931454185,72
2022-09-16,0.12467009742862384,0.6009300466095513,41.27301897215195,7.379701602564521,0.9285911717115584,0.9223408692397091,72
2022-09-17,0.14610461411280992,0.6289775241124242,44.379372892139145,8.557770367574541,0.9384863739848684,0.932842018579999,72
2022-09-18,0.14194458157119222,0.6609268831629783,42.11792823262563,8.325497768205068,0.9711633367367862,0.9687030124346246,72
2022-09-19,0.14967074239648143,0.8317559645250399,52.84966931061119,8.937461840876303,0.9698071826542944,0.9704356266773453,72
2022-09-20,0.14393477400199953,0.7720600647751938,49.729919370945495,8.529403176895492,0.9896676539969925,0.9929565134967326,72
2022-09-21,0.14406115131649994,0.7368977997124658,50.17587622409984,8.559974242892014,0.9893470464884813,0.9910393654354537,72
2022-09-22,0.141472899563678,0.7054553378233792,44.10772371027747,8.358248456915465,0.9831859879987161,0.983740220463416,72
2022-09-23,0.1308657382769305,0.6752960428691955,37.61501624337455,7.586266186003619,0.931554116019254,0.9252752302335926,72
2022-09-24,0.15073005060829345,0.7572661946972059,40.90600178628483,8.748046770576876,0.9660991516390243,0.9647325835653134,72
2022-09-25,0.15403215229230435,0.7330083000702663,41.997320471032864,8.942843140742543,0.993447180455607,0.9945624646050781,72
2022-09-26,0.15253592912700986,0.6974951898934848,43.76776609584799,8.91200845442239,0.9848597360139101,0.984893029391732,72
2022-09-27,0.15696474302002728,0.7197738626416916,49.36475343941128,9.12538630460145,0.9730569161209042,0.9727212704356322,72
2022-09-28,0.15627796190091012,0.7390616314751787,48.79276745204384,9.085903769774916,0.9926137199370382,0.9963086682489889,72
2022-09-29,0.15729758901687343,0.7037618894395072,47.949059459913315,9.111213785652454,0.9959046255670734,0.9981548526729425,72
2022-09-30,0.15859026403764576,0.6923709512762901,48.98805096735125,9.200246088986457,0.9973178054721948,0.9989663997809054,72
2022-10-01,0.15759372932190638,0.6921214840648793,48.61689160473087,9.181568036474548,0.9969640687779328,0.9996017452190408,72
2022-10-02,0.1562581646906527,0.6916722620203428,48.677390507955515,9.146009669638167,0.994047097751693,0.9960163019844664,72
2022-10-03,0.152421188035122,0.7194966003961777,47.76320907307277,8.911183450698006,0.9898297003090208,0.9928105772361423,72
2022-10-04,0.14416738802999335,0.6509046875868851,46.97148871406946,8.498789289066943,0.9376455510601965,0.9343265037480883,72
2022-10-05,0.14407660794411103,0.6629684646869851,46.325675835995426,8.411780119721545,0.9287005545176654,0.9229064196202498,72
2022-10-06,0.15548128238837872,0.8472115199862977,51.26285313964265,9.27364495439875,0.963240763691406,0.9648977877367415,72
2022-10-07,0.15438105823007683,0.7749515725629466,49.218965079280025,9.118681763319305,0.9690392502393016,0.9693215090129674,72
2022-10-08,0.1651000818079355,0.7925621795795397,54.589684526429124,9.70756375034388,0.9826552830095008,0.9834856525240914,72
2022-10-09,0.16562099912191403,0.8035231777841647,55.0385274249021,9.744606680621597,0.9979281424010429,0.9993315491173461,72
2022-10-10,0.16803752892548884,0.7881306769111422,56.36348600718425,9.869825704470875,0.9909650181648378,0.9965138372540528,72
2022-10-11,0.1473382208135962,0.8054788943681251,45.436726437490364,8.640279625113015,0.8595503849578248,0.8495403819396623,72
2022-10-12,0.19356765001916248,0.9450727361497182,62.8071471631722,11.384101873974801,0.9114339970510054,0.9137684672997759,72
2022-10-13,0.18597600651453206,0.9916127128422059,62.59348132063252,11.10026388937618,0.9827705889728626,0.9869553666756944,72
2022-10-14,0.18184141170866625,0.9178335129695027,58.83465831317203,10.652623951544077,0.9701751293349433,0.9763905821195965,72
2022-10-15,0.179682389805408,0.8817610599311522,57.183147505450265,10.43487778249898,0.9837450412979938,0.9893829917418537,72
2022-10-16,0.1706283328329048,0.7776318903551848,47.21690523126839,9.777300701508677,0.9280335416613055,0.9230189715185942,72
2022-10-17,0.21450986317358814,0.8309137675579017,53.14001176366369,12.008801308079185,0.8847529276859509,0.8735136364542617,72
2022-10-18,0.20985267184816211,0.7924037118837179,55.343383999484615,11.654783116971164,0.954721829587054,0.9587643475707658,72
2022-10-19,0.20053760684990932,0.9055404885191475,57.48201543752265,11.338997734289599,0.9259740747516287,0.9258781402554788,72
2022-10-20,0.1977476508659595,0.7863844689647068,50.042876866735384,11.044072279138952,0.8879074192520587,0.8702760763020404,72
2022-10-21,0.22058817197032005,0.8965493456527546,59.778845523763565,12.083594247820423,0.9201841071442998,0.9142411221030018,72
2022-10-22,0.21875436208982124,0.8390126498700996,60.64885671068869,12.046029799550938,0.9802459874251314,0.9843823068676671,72
2022-10-23,0.21286078334223785,0.8279309773569347,57.41942299329851,11.75144943859616,0.9842975603706199,0.9860347570689959,72
2022-10-24,0.20717553286799048,0.8118793230293759,58.280615970820065,11.502431945755065,0.9749497959891044,0.9782492494449798,72
2022-10-25,0.203942496031943,0.8078423204465927,58.30293450166611,11.541803561795597,0.9605634548832024,0.9667640948814249,72
2022-10-26,0.20587155844592328,0.8228758236988714,60.0734869693434,11.707328464402869,0.9623367620078834,0.9695621483548993,72
2022-10-27,0.21064994237880053,0.905742233974478,57.48468523973548,11.889278197365247,0.9753013254375692,0.9797805319668135,72
2022-10-28,0.20382497669187086,0.8610748708636702,58.68945213719772,11.583520503486055,0.9769246742681411,0.9775184561736546,72
2022-10-29,0.2017689367853923,0.8175763399308936,55.551270205572166,11.489763863955051,0.9746200621558354,0.9777023453630573,72
2022-10-30,0.18930618497767537,0.6949345624675689,52.457006205730536,10.483369130798073,0.9463187794639866,0.9633595148344162,72
2022-10-31,0.19190771089223096,0.7560312241400136,53.18530741235586,10.654240794386867,0.9557110438858483,0.9625651369244613,72
2022-11-01,0.20090643744081033,0.8692641520989691,51.4190638995357,11.035521513342253,0.9658453773823311,0.9669089353643133,72
2022-11-02,0.20907754380161298,0.8600063560341105,51.245564786025966,11.54904718791629,0.9802137096094156,0.9845419574436145,72
2022-11-03,0.2196606956703746,0.834591476690794,50.19618483252348,12.03517545351961,0.9516766632890313,0.9570144247069902,72
2022-11-04,0.24411829612378652,0.974674107831297,71.83033302953939,13.957233890686,0.8928266915478397,0.8914031356063684,72
2022-11-05,0.22636779441131596,0.9917776862050725,66.81054910501432,13.042926713261645,0.8895344122561611,0.8857666619845416,72
2022-11-06,0.24046791823286737,0.9846691330728718,66.32992932895655,14.177063293924196,0.9521976513397021,0.9515482456275554,72
2022-11-07,0.23922756849835466,1.045784433766196,67.40426537335455,14.303251496585087,0.9537749412734018,0.9526469271503121,72
2022-11-08,0.18773387757564294,0.8060355092778984,55.985907241654246,10.819459498392566,0.7272625954585196,0.6922912999642792,72
2022-11-09,0.13908577747837914,0.6719195596593136,46.29349213489253,8.379917650934724,0.6467779214097181,0.6088127652762746,72
2022-11-10,0.15143975226170428,0.7486654274085673,62.37541024970285,9.71692685953471,0.8152224533425498,0.8131000778310538,72
2022-11-11,0.1293897643121122,0.6957270147816275,56.9597576839749,8.419481714546091,0.9595780923177254,0.9594323248996288,72
2022-11-12,0.12650626268771406,0.7015083963056212,53.250221359472775,8.206715571442444,0.9922977434019074,0.9938469427610941,72
2022-11-13,0.12479542551588381,0.6580735950920813,53.5503531873795,8.09736119203234,0.9904429677931548,0.992947733299415,72
2022-11-14,0.125824997368404,0.663697574895402,54.082223474024055,8.140950395926419,0.9950487181192536,0.997614073591875,72
2022-11-15,0.12673940995679017,0.643757397726832,52.714391209766156,8.142020770429305,0.9954535698000859,0.9966189454417417,72
2022-11-16,0.12865225119957902,0.6460116939214742,52.75378472185015,8.233674155934048,0.9956199143605156,0.9963527449023587,72
2022-11-17,0.12839811213808774,0.6479900199985063,52.75559076081789,8.214735481515074,0.9984055268998405,0.998907175756385,72
2022-11-18,0.128298165971317,0.6486998288619098,52.610958011472235,8.20225490932372,0.9992154933686482,0.9997750496157196,72
2022-11-19,0.12757217647766864,0.6450987355926434,52.61474414294306,8.160004528535229,0.999058403765392,0.9995482377599101,72
2022-11-20,0.1256068672621513,0.6324734086901698,51.59170957603191,8.025159241182589,0.9961521340081212,0.9967123844923651,72
2022-11-21,0.12601546023894453,0.6205106529763805,51.582082842675376,8.032973477183148,0.9954098432946494,0.9960106057663866,72
2022-11-22,0.12695209690188025,0.625586079392736,51.84880274874937,8.088134716825847,0.9942032561731173,0.9952985086325153,72
2022-11-23,0.12990629455507885,0.6854981614667245,55.495033721087026,8.353938495663582,0.9913904509548308,0.9925485668720465,72
2022-11-24,0.13206070731157976,0.7364836195156786,57.63074608340486,8.500799121096627,0.9968029336872101,0.9972897653340108,72
2022-11-25,0.13159183640600763,0.7421514604256435,57.708880425934424,8.477792214562811,0.9989940043876077,0.9992901451387948,72
2022-11-26,0.13372474452069277,0.7519004971688299,58.22039712322573,8.605338543208514,0.9973064864000355,0.9979307843333987,72
2022-11-27,0.1351907143424396,0.7539265981422459,58.55634677260795,8.689243644161207,0.9956657140305426,0.9976626434235737,72
2022-11-28,0.13523799966060462,0.7528692250068125,58.65593674912178,8.699635203667759,0.9988010401912362,0.9998282745399181,72
2022-11-29,0.1352531019506403,0.7541582170592258,58.760320494090024,8.72073472183734,0.9989563996818361,0.9994637754765171,72
2022-11-30,0.13533171951759085,0.7500895407020856,58.43042515751945,8.738949037444403,0.9965947787332268,0.9971747831097807,72
2022-12-01,0.13462221423537563,0.7537751308030063,58.855387142385425,8.729296958969542,0.9949425469000767,0.9959764410963465,72
2022-12-02,0.13278884645835462,0.7340024053313565,58.044425584615546,8.641268784215088,0.9870460366990845,0.9887040832473666,72
2022-12-03,0.13884041771654787,0.7488493194574475,60.17149996246849,9.031019993157582,0.9838601768835961,0.9856184943631788,72
2022-12-04,0.1380726549336839,0.7225538390302293,57.91852959413726,8.94223667107719,0.9922629980899476,0.9931958751194483,72
2022-12-05,0.14270633851570416,0.7526752628157245,57.1993700465507,9.262569280609277,0.9896829514573381,0.9910971659487556,72
2022-12-06,0.14106568096705782,0.8080062580469132,61.80093139840837,9.152195735400838,0.9362979781321107,0.9365020451635329,72
2022-12-07,0.09539566548320047,0.4798372335706908,35.48058218952871,5.887729717522375,0.8234920705013467,0.8261437942298216,72
2022-12-08,0.1311538761170513,0.6187241912851733,36.95014083963153,7.581119663773458,0.5247561276543774,0.4706693359400256,72
2022-12-09,0.1776926835793987,0.8737800489713791,49.079003495054735,9.95753722201553,0.7428239116139943,0.7045093664759952,72
2022-12-10,0.20084423525095912,0.9249862926724843,57.61712822607513,11.580784067899073,0.9392967088259587,0.9396982872856644,72
2022-12-11,0.18798009574235452,0.8180519445217314,52.638590633564995,10.58405082227952,0.9327549636824923,0.9349341909693941,72
2022-12-12,0.18140190009042984,0.8277858157515301,55.285734970956376,10.515025602629219,0.9576063459310044,0.9724361020510714,72
2022-12-13,0.19051936849889536,0.8503701607004323,59.81583427337922,11.120734714759138,0.9621469195445799,0.9711461420267962,72
2022-12-14,0.20235259866754,0.8162348690984857,60.84917271689768,11.723604375197056,0.975168734546054,0.9787593749848571,72
2022-12-15,0.20542568196019456,0.8320264645967531,56.31938662180464,11.770288253191707,0.9861749171174152,0.9881948338733346,72
2022-12-16,0.18117764940461525,0.7502879460658681,54.87964868079257,10.46439286219632,0.9033530470941138,0.8951729523070278,72
2022-12-17,0.1615513529623719,0.6888567024584462,51.153702057110294,9.522532176520171,0.9207979088889645,0.9178112386585426,72
2022-12-18,0.16266774042364812,0.7083882667772838,46.14732773821051,9.54920083407466,0.9596361398979435,0.9607594796726633,72
2022-12-19,0.16180459004528056,0.7079640605259927,49.322333654529444,9.480124558382705,0.9497930552518941,0.9514332951569602,72
2022-12-20,0.1495831924805507,0.624774805739845,42.252639197712185,8.743179818802094,0.9493918201678531,0.952276721065596,72
2022-12-21,0.1429500499853736,0.608298656748715,39.16321082726982,8.3129730287556,0.9505507301306483,0.9541766955381604,72
2022-12-22,0.1529026578003046,0.6177021197299295,42.4918307793813,8.952000628048069,0.9776675553957027,0.9820011424255335,72
2022-12-23,0.15420384785009686,0.6064503522409774,43.525333449231795,9.069791827895354,0.994512579201206,0.9983274492544468,72
2022-12-24,0.1540745914158518,0.5979999350692242,42.58680540459905,9.068730192687775,0.9960815228241535,0.9992683528645643,72
2022-12-25,0.15506292591310683,0.6170562378238197,43.51978239399035,9.14188557606317,0.9971650347394205,0.9998300389712507,72
2022-12-26,0.1567983138483078,0.59900842503614,43.33689678260541,9.269434832293685,0.991135338052244,0.9957259268640252,72
2022-12-27,0.1530010145838705,0.5933374785398455,41.32690821424244,8.99843666422072,0.9888803232957544,0.9930403519245736,72
2022-12-28,0.14874629253543387,0.5978745234974664,40.12931848168209,8.645872966227051,0.9727247360792919,0.9786264983333788,72
2022-12-29,0.16319986863545755,0.6433667182926717,46.24774646499738,9.455727589527656,0.9486306160319924,0.953763121936028,72
2022-12-30,0.16590956887691705,0.6563176868562296,47.26891126661516,9.658533804306819,0.9879472870871847,0.9932459438588385,72
2022-12-31,0.163916990486149,0.6626867572914904,42.967593135024345,9.448244219892675,0.9887786073045709,0.991022953518503,72
2023-01-01,0.1654837105294371,0.6908268857653687,44.19030190437147,9.534256435025723,0.9904035557325505,0.9916368837485948,72
2023-01-02,0.1653425897983004,0.6808046437039592,44.36418855832023,9.577177943516217,0.9797769674461713,0.9838129770742189,72
2023-01-03,0.17089161112502985,0.6851953959194604,46.22863076566914,9.983265758211246,0.9850811241599571,0.9925521447167959,72
2023-01-04,0.15426848987912703,0.6919654606519144,40.41484952430365,8.88396474935443,0.9593129311818757,0.9650742576199488,72
2023-01-05,0.1629260088883012,0.6719023099541919,46.82278927367619,9.52773743161471,0.9753709242148664,0.9811889109135501,72
2023-01-06,0.1585822685032338,0.7366512635899329,41.23238837611731,9.170091550261358,0.9874866266352798,0.9915061162888078,72
2023-01-07,0.1606960196918313,0.727321389492018,39.663577832145194,9.292829032291595,0.9887852068499857,0.9929962043573174,72
2023-01-08,0.15238731285524632,0.6567343542687359,41.9936604320259,8.80186951914838,0.9691875570100517,0.9751586931393074,72
2023-01-09,0.1556166338771367,0.684670051977243,39.86072771249587,9.012121209018808,0.9575774671190291,0.9614830652981948,72
2023-01-10,0.14937540081317785,0.6664356718899769,39.77115561802652,8.69949402675847,0.9775921718677465,0.983782045472844,72
2023-01-11,0.1423636352918919,0.6084938876092361,37.37096581222039,8.2318312540427,0.9669585699498855,0.9774023274066984,72
2023-01-12,0.14663801012505354,0.6406761974939355,43.2118614970332,8.524919805640396,0.9580745309627197,0.9669478898574125,72
2023-01-13,0.11529499414754112,0.48108119384828524,29.992175024301496,6.244312286463724,0.8186144406916542,0.7977048789859744,72
2023-01-14,0.14773527901841638,0.7095703002409706,34.77035776438109,7.530467175522821,0.5475048823119889,0.4009555505901707,72
2023-01-15,0.14206729960204564,0.7400957708637241,36.33660367958733,7.356520628302416,0.9008545248735351,0.8927543907434992,72
2023-01-16,0.14528656623972688,0.7022610575117518,37.10346713331097,7.517521340140318,0.9411101531035516,0.9398278084491796,72
2023-01-17,0.166318397512833,0.6857872972818306,43.37791957784319,8.414113488386848,0.9020503776129888,0.8853651543933461,72
2023-01-18,0.1677443489256504,0.7287095226692896,42.54149453154506,8.665000000437388,0.8129506324316987,0.7490844396309786,72
2023-01-19,0.17791167981822886,0.8064044542653904,48.77347564845054,9.717512343801637,0.8686734281761047,0.840788823223978,72
2023-01-20,0.1946376158143942,0.7882524842444077,63.45743663537935,11.121540912086495,0.9715024478355899,0.973768266110052,72
2023-01-21,0.1758800837733817,0.7506413404935164,55.26455620835666,9.938996132246947,0.9423840064302011,0.9335492552287724,72
2023-01-22,0.1729468041285141,0.7281040532921657,54.53155836311902,9.684595131379446,0.9733905018588719,0.9765163043725317,72
2023-01-23,0.17210507791642957,0.7480317357019821,54.81707444420286,9.463293051235098,0.981622377920392,0.9934886823079848,72
2023-01-24,0.17573345853163486,0.7412346951818829,52.67317159519531,9.70190714910166,0.9451094477730626,0.9434618256987056,72
2023-01-25,0.16535586893555854,0.7126993657049591,49.71856277093083,9.12025318498581,0.942423801376704,0.9395949484615055,72
2023-01-26,0.1740620904292654,0.7869363243215476,54.62799010282157,9.677231739454198,0.9525606728163648,0.9623271385734512,72
2023-01-27,0.1731045557061886,0.7614073513543406,53.38006715734134,9.454436920287264,0.9735984540407707,0.9930743799650685,72
2023-01-28,0.17354056768021936,0.7778520136612919,52.442401752437796,9.412060679905252,0.9852961039946674,0.9869324261089568,72
2023-01-29,0.17684250979351554,0.7699938337744181,53.863194482842616,9.64155825943476,0.9883526768131233,0.9895399266430114,72
2023-01-30,0.15617797027110628,0.7713179713140339,49.78194011674882,8.539704576257396,0.9381956206116583,0.9274138259538356,72
2023-01-31,0.15521021736887536,0.7913207442557395,46.597338232648326,8.656173728644065,0.9544027644526138,0.9487695993084111,72
2023-02-01,0.16225657219041978,0.7896570586860814,50.40113705323971,9.229573197891472,0.9830300392439613,0.9861108267414035,72
2023-02-02,0.16217249226303734,0.8509512552452319,51.03653765272762,9.31162450210832,0.9829037989219027,0.9871295341380839,72
2023-02-03,0.160576010257474,0.8574879731662493,49.45995019612535,9.04601928629939,0.9883807336426687,0.9935292363569814,72
2023-02-04,0.16046739093273335,0.8527691567864405,48.54549470834851,9.035515921349571,0.9871460928424741,0.9923602903140579,72
2023-02-05,0.16008014594030248,0.8115063238162957,45.6670954042173,8.96382065252179,0.9711315960546743,0.976248502833756,72
2023-02-06,0.15689026151044996,0.8287517138279935,53.34564532312673,8.898566782853853,0.9672636904341246,0.9704738563386658,72
2023-02-07,0.15219752349309912,0.756308083692866,50.439317691644334,8.512630516272429,0.9632842479225151,0.9644293810340775,72
2023-02-08,0.1437560684284985,0.7420020082857217,47.65826544452649,7.969555127020794,0.9428140170968247,0.9436176384301375,72
2023-02-09,0.15981964015050518,0.7610840133178801,48.58204370263934,9.185943116584058,0.8747190625153466,0.8584012631963932,72
2023-02-10,0.1490952955828578,0.7560493348671427,48.60466157276057,8.725286662902533,0.9451586324434443,0.9399493396159092,72
2023-02-11,0.14838102754820365,0.7747857389037043,51.30993034566319,8.661675432650094,0.9564464488087956,0.9554849517618429,72
2023-02-12,0.15147751573346083,0.8243111981918964,54.417294228918514,8.966557541843018,0.971668271663826,0.9758386062143993,72
2023-02-13,0.1525740295827777,0.9077516636360726,56.59525186814509,9.053499055761517,0.9876451319859021,0.9939026608156303,72
2023-02-14,0.15178035331923675,0.8624859750590641,54.99632350025692,8.967196622193589,0.9882785787176854,0.9914421562990905,72
2023-02-15,0.151873745926533,0.7834637629917373,47.185912227664296,9.005123362418386,0.9560190152086019,0.9542736294539054,72
2023-02-16,0.15928265308190837,0.8279102075948497,49.88766696054302,9.42934544255959,0.940911724926927,0.9385225216195354,72
2023-02-17,0.14385782138641345,0.8192160059227566,50.64956409778115,8.487407126218134,0.9377081796348292,0.9372426389516568,72
2023-02-18,0.15880053085505033,0.8492247700494284,53.33429328138104,9.411474231968828,0.9627736481403946,0.9644641371755749,72
2023-02-19,0.15463319544812798,0.8658583994308864,53.211015048283365,9.112891537295107,0.9858958859961406,0.9966136238033756,72
2023-02-20,0.1499277463386773,0.8533011803885009,51.15765193892264,8.658569506014617,0.9193620281699301,0.9379658250604386,72
2023-02-21,0.15937237015456673,0.8714188861764909,51.247273961452215,9.042036342312704,0.9498779135171416,0.9690885136491589,72
2023-02-22,0.16655962270712307,0.8469726088969218,50.82009421612324,9.213725923184471,0.9740655417841129,0.9812123007300602,72
2023-02-23,0.17157061707116958,0.8646171846938011,53.1047168109063,9.589360573167271,0.980816961691911,0.9839900796271107,72
2023-02-24,0.16652065488176723,0.8315394861267832,50.7097500226693,9.332642024719677,0.9752226282876093,0.976726377143644,72
2023-02-25,0.16318096541779664,0.8001308260297344,48.2188423591401,9.13060066459352,0.9887582525450674,0.9890088591741287,72
2023-02-26,0.1656373350772141,0.7925447430897508,47.44470718850059,9.24282590773946,0.9930178229683949,0.9934005602768367,72
2023-02-27,0.1690093026374842,0.7982840925865975,48.58988273977127,9.485772720080105,0.9714457643590898,0.9683085659068518,72
2023-02-28,0.1724262102316068,0.7561511679399217,44.855432834209594,9.512265508550339,0.9819324960471542,0.980528807567524,72
2023-03-01,0.17431387723428035,0.8126238133012573,44.20946718248007,9.664885538883052,0.9885046529703213,0.9881119136696542,72
2023-03-02,0.1734012134832105,0.8307701427549983,45.35680319388061,9.629359666263564,0.9854878256850265,0.985622061494695,72
2023-03-03,0.17226133069668934,0.7817099902289142,43.354940950998824,9.606880309189167,0.9881219444618129,0.9887821147859273,72
2023-03-04,0.16604580446810088,0.7084619911609507,39.2207205055404,9.187517392819718,0.9819389053335762,0.9809885401427829,72
2023-03-05,0.16650125944914143,0.7109849043460164,40.9004689522129,9.253186886758254,0.991962748485706,0.9948956259609835,72
2023-03-06,0.1699123340516514,0.8479662190863237,42.50430680726871,9.506834694663214,0.9908201769719808,0.9933895199259771,72
2023-03-07,0.16977953272346316,0.8664053321500745,41.77453276808366,9.544119790453202,0.9823625376026154,0.9825745060075184,72
2023-03-08,0.17022090208106613,0.861794699601814,43.19117212701015,9.488224696297138,0.9633811003698073,0.9628397992393015,72
2023-03-09,0.1571528859247614,0.7423885443766154,36.36994193071761,8.614443385779115,0.8839612202359259,0.863200694383526,72
2023-03-10,0.17086256797101468,0.8240977524737557,40.58463803443883,9.276211454839205,0.9001220054874183,0.8827195526853491,72
2023-03-11,0.17076336299387476,0.8168745536225694,40.57548119839292,9.227972509677613,0.9900201215699007,0.9953485407473052,72
2023-03-12,0.15298281516132514,0.682779504915562,40.03672703110465,8.29714768467372,0.9551218756335368,0.9489298154210597,72
2023-03-13,0.14830981209313562,0.759238984997379,42.92294604633148,8.377628130856412,0.962288872776854,0.9623503693603079,72
2023-03-14,0.13307974049993435,0.622570908082068,42.88330196489155,7.399723003679314,0.9661297719833598,0.964551315676439,72
2023-03-15,0.12950129720318554,0.5898674019093846,39.68037294704183,7.19165734917882,0.9174638421410417,0.8944252406853178,72
2023-03-16,0.14260122302967496,0.7528435967848595,47.57389834690473,8.137568466049393,0.9013277146609471,0.8834669344614932,72
2023-03-17,0.14251012191184395,0.6068657693649893,39.56748184352825,8.110744206960884,0.8791332221905448,0.8611221266672962,72
2023-03-18,0.15276528754520996,0.6525907137719811,40.77520409190798,8.720408791471769,0.9497666621001403,0.9451339710570676,72
2023-03-19,0.1428315928980069,0.6257683029075557,38.99240250156249,8.159032968811266,0.971081806154513,0.9750761718487082,72
2023-03-20,0.1411686843171896,0.6391743881434551,40.669785276143976,8.19664889906286,0.9262757501079941,0.9392849569685178,72
2023-03-21,0.13283170924064816,0.5887291015154654,39.474980188638774,7.689358759426418,0.9378093582116246,0.955446102626402,72
2023-03-22,0.12861498026151402,0.6520747039719006,39.548263317570004,7.523994581697386,0.9381489418141831,0.9539077909835668,72
2023-03-23,0.12367923536292744,0.6610643983613121,38.67521190119098,7.310843144288437,0.9666432449185433,0.9704818691059286,72
2023-03-24,0.12178887235263838,0.6456270958220808,35.67101191701339,7.059827600038225,0.9566187809715893,0.955091182002186,72
2023-03-25,0.1249891489837393,0.6365738519029653,35.592050341832845,7.260623019358047,0.9757892948587542,0.9756164843166949,72
2023-03-26,0.12638682952769967,0.6247726516527912,35.02388324937297,7.343882505707966,0.9934816751182414,0.993964453760155,72
2023-03-27,0.12402627479331034,0.6392367622088282,35.62144020849038,7.221591438990795,0.9942629973654346,0.9945556142160916,72
2023-03-28,0.11592132641443757,0.5688488103565242,31.723984379121624,6.741271940786354,0.9851852184444774,0.985909172516042,72
2023-03-29,0.11991016019224271,0.5343899168594983,32.901732720006656,6.985468973226225,0.9675951454678502,0.9685063906526414,72
2023-03-30,0.12015777247600345,0.5133344958364867,30.034773583091873,6.944395392181746,0.9679744033317068,0.973727341475162,72
2023-03-31,0.1155136287506147,0.5373781254105677,31.422980712466064,6.703460205539278,0.9797306537029359,0.9819391379297778,72
2023-04-01,0.12017999756566357,0.5308112286977827,32.05005888582488,6.898392736102009,0.9673143253206234,0.9685652290860802,72
2023-04-02,0.12152724450484252,0.5293704013560662,32.29881518399562,6.941072097094307,0.9910976560499521,0.9929082795093811,72
2023-04-03,0.12007929125905405,0.5314224007184718,31.86670973961496,6.874698441252791,0.9920408212550063,0.9949354770111406,72
2023-04-04,0.12168424999963959,0.5373561275928238,31.191844256586776,6.897766212307447,0.9860524353664887,0.991301791088195,72
2023-04-05,0.12658938438097425,0.543130890746848,35.21699737589725,7.207385249803772,0.9849772312529194,0.9860814485635953,72
2023-04-06,0.1343211379485913,0.5673614425256516,35.81681711006418,7.633922877221749,0.9605490024058793,0.9587929460607323,72
2023-04-07,0.1413452526164959,0.5999092436595495,44.049559238859786,8.124041176991167,0.9634240581953971,0.9630182979262913,72
2023-04-08,0.14277481939964773,0.6444182912399693,45.060929016186506,8.26439803120393,0.992242316831599,0.9956962969158167,72
2023-04-09,0.1354252382283398,0.5995983796124856,40.99667951926129,7.7703452075173045,0.9691604828448149,0.9659575900222529,72
2023-04-10,0.1552262126424526,0.7084001855885874,53.36605001767386,9.116329899406216,0.9442798408087688,0.9383010025858023,72
2023-04-11,0.14861090511845237,0.6845339136972919,59.16209264345582,8.729456175937932,0.961387696688682,0.9594758874557701,72
2023-04-12,0.14296864757053077,0.6974760980433979,58.00438317664239,8.385826375567527,0.9356309704007856,0.9284650830662898,72
2023-04-13,0.13870935249937352,0.6873194376443914,34.85835916227287,7.392435305434114,0.9451315174292578,0.9416365235700624,72
2023-04-14,0.1193415334973663,0.6774388233458392,26.07434757035535,6.013650457494356,0.903488766148163,0.8757294982086081,72
2023-04-15,0.13894759443622504,0.7247184919846775,31.65238750368491,7.065134387044605,0.8525458349508844,0.7894955471480318,72
2023-04-16,0.15557161718173063,0.7622911024706962,38.49742239513981,8.166290580487306,0.9457783492767027,0.936927191157864,72
2023-04-17,0.15149319427308985,0.8305091047817132,36.69156098977899,8.01456281767252,0.928954842113659,0.9324307583231964,72
2023-04-18,0.14943333863709327,0.725612752877413,36.53829394349586,7.690032113894025,0.8947799274734629,0.8951341107969079,72
2023-04-19,0.15184428056492175,0.6905268247278663,39.151002217556645,8.274216627706888,0.7546148221321658,0.6984848594836827,72
2023-04-20,0.169980403682439,0.7070504149438954,41.447264971522365,9.644422113957067,0.8393644539706091,0.8190833540757794,72
2023-04-21,0.14267805680872028,0.6235611856175837,37.10637400638605,7.85362755605778,0.933794574066466,0.9345725438539638,72
2023-04-22,0.1359040276157894,0.5695948176529684,35.215774626227315,7.374158511497097,0.9360727265793736,0.9252351277219498,72
2023-04-23,0.13275522455606184,0.5446243207638124,32.19774974038488,7.1288794527889845,0.9861706534154228,0.9853293731912994,72
2023-04-24,0.1351810299797912,0.5610817721708248,33.093411992992266,7.288661464792656,0.9767774417836952,0.9763925288166202,72
2023-04-25,0.1317853977433223,0.5500484568767181,29.59776689045747,6.8497033818292525,0.9455419440231486,0.9389815580349836,72
2023-04-26,0.12548816596718534,0.5932322616564677,28.061418335465127,6.405231325898632,0.945144236667057,0.9333845399720737,72
2023-04-27,0.13816847189394346,0.6064218759481146,35.7653379658781,7.286102171234901,0.9012307025157504,0.8966528551823073,72
2023-04-28,0.13722566625776722,0.6161104711739913,33.26761987402709,7.245585990545268,0.955788813405867,0.9575073389071506,72
2023-04-29,0.1354148440169348,0.6277773369156419,35.37817137385353,7.122750997955987,0.9648214332452082,0.9709072815528554,72
2023-04-30,0.1361344715309281,0.6518968318043575,40.584165725351866,7.232588026399575,0.9640518255554439,0.9657841890421702,72
2023-05-01,0.1285351212329079,0.5823550640268182,34.7224260500368,6.788956018892352,0.9629769646735712,0.9663404594304736,72
2023-05-02,0.126192791537566,0.5743350272722927,34.06796437812169,6.686770746001462,0.9613371922256997,0.9757429152268834,72
2023-05-03,0.1315581008844493,0.5821221175985192,34.571275429270266,7.066063983180319,0.9795655838712956,0.9855462393717418,72
2023-05-04,0.13333069535031983,0.5879000760448314,35.66865904732607,7.2316081740722,0.9844960697332118,0.9913080197216974,72
2023-05-05,0.13151173142377529,0.5884130181331831,35.405348657639635,7.197370332255551,0.981459366616093,0.9883161019772698,72
2023-05-06,0.12405744113147188,0.5813530662903241,34.81525382999719,6.798824946924159,0.9696477680272313,0.9681012459067325,72
2023-05-07,0.12798432209929902,0.5759615624193783,34.946224396932905,7.107464233586762,0.9816909457611985,0.9815537401063003,72
2023-05-08,0.11206002739663816,0.527753402172175,32.21040815489745,6.114681436275261,0.9526554449309198,0.9479926390900908,72
2023-05-09,0.1210225502556338,0.5852062115796937,35.46175892476268,6.794944697622094,0.9182283015600068,0.9114111044656936,72
2023-05-10,0.12870228714205237,0.6134665855122261,44.68564560685295,7.479392278976065,0.9749287272349217,0.985816145754,72
2023-05-11,0.13442398453819435,0.7046709886832594,49.84162440534784,7.969767833379598,0.9642252749263619,0.964416317680594,72
2023-05-12,0.13608454181252447,0.7101979439085592,48.225703193149315,7.974773685473193,0.979900074716729,0.9804084002267466,72
2023-05-13,0.1397972151631597,0.719995878112123,50.329342473202786,8.168872552676019,0.9898738768870726,0.9915462969377125,72
2023-05-14,0.1397686233591483,0.7032319022720234,48.958633625878754,8.148336716491665,0.992554464695023,0.9952390497503278,72
2023-05-15,0.1440764014485322,0.7115828725650932,48.05243892370179,8.498188818119473,0.9714020891494413,0.9793989860562966,72
2023-05-16,0.14917147602812672,0.7266607075559302,51.521526598161216,8.856488105158592,0.9686342057239489,0.9747726242330182,72
2023-05-17,0.12545978101816257,0.6960994879360997,45.92950989907451,7.4595368051395115,0.8563721103679341,0.8443712701121703,72
2023-05-18,0.1531667328407493,0.8660855671826432,54.59882062296985,9.189661589086203,0.8239392225356638,0.8035207979046797,72
2023-05-19,0.14437967182481348,0.8256180319792303,53.19965804035826,8.668025369636663,0.9426994644031809,0.9388924982188512,72
2023-05-20,0.14976524463503682,0.8856806706174964,66.24571169260176,9.007630652049633,0.9143978504174194,0.9044006158982287,72
2023-05-21,0.15456250989276435,0.8871917123368649,66.88249821238236,9.266534421324806,0.9877949768176988,0.9898626092238938,72
2023-05-22,0.15397326447479745,0.8163691447958991,66.03319894598683,9.235931792810016,0.9745125646576933,0.9769919978290148,72
2023-05-23,0.16167292262539268,0.8131119908363498,66.461634969411,9.656713669878599,0.965642962400544,0.9689200573090091,72
2023-05-24,0.16916989406922153,0.8080009729482617,67.43026022094213,10.106485342434278,0.959586999297737,0.9649640654974287,72
2023-05-25,0.1662335310977389,0.8521749598409896,66.52221511701138,10.02808420777586,0.9539412862188965,0.9551422417934908,72
2023-05-26,0.1744184973625833,0.881350098368922,70.94381807061308,10.5308827294756,0.9822696354581611,0.9883504031246794,72
2023-05-27,0.17393343399094546,0.8738926491793163,68.84549961241842,10.43503325496129,0.9808215946809722,0.9822952084410279,72
2023-05-28,0.17064667470969905,0.8663063654980504,68.05227047818167,10.312066541745383,0.9667468515383555,0.9659723401831943,72
2023-05-29,0.1597250018613248,0.8606939988690225,62.69704717718676,9.681414790387002,0.9634373613888605,0.9647761788299731,72
2023-05-30,0.15723491684897403,0.8302354652189842,60.25677287377871,9.412486056729525,0.9788643479846911,0.986069376499508,72
2023-05-31,0.15311352756936522,0.8319287428721446,60.2378391029616,9.161844205564526,0.9727584544249583,0.9781660475399357,72
2023-06-01,0.15846050671219056,0.8249058296662574,60.68139489651969,9.427919889700329,0.9791810920701144,0.9821948056188752,72
2023-06-02,0.17158869330412835,0.8057847980085318,60.45042825941398,10.128021662721189,0.9680685101723177,0.9692656171517383,72
2023-06-03,0.16798017652182995,0.8355110331096749,62.759686843945666,9.978716326849044,0.9545350558163351,0.951184681009276,72
2023-06-04,0.18848683100516547,0.8508846804200866,68.58362117979812,11.320748963722108,0.9830181118506748,0.9841220204041072,72
2023-06-05,0.1559505287162173,0.8688970743056813,56.52467719668927,9.216038848957602,0.8781911007334995,0.8656258301702745,72
2023-06-06,0.1531621776853196,0.7055655895255493,43.802370733189974,8.770771055680244,0.8223403933626353,0.8063304455270888,72
2023-06-07,0.12010492115860294,0.5578245572453541,34.34301514037368,6.617802542516044,0.8835685710595582,0.8869778954558755,72
2023-06-08,0.10831835536205785,0.5175495705061539,32.21060898373952,5.985670916739055,0.9048207307974386,0.8944663366658178,72
2023-06-09,0.11214134613701306,0.5407898134679273,36.754561905004785,6.201894562996358,0.9578952236619479,0.9573809454270089,72
2023-06-10,0.14172269453359546,0.6787536789092176,51.14948646682458,8.748902062403141,0.5635694797499128,0.5025584829418444,72
2023-06-11,0.12376746158440714,0.6186801510633988,44.02193201399971,7.8051026421960925,0.8833339015981667,0.8786196657536011,72
2023-06-12,0.12482546359169687,0.6165731894652923,44.407714457515624,7.8670463250426215,0.9941965112095396,0.9973099744500238,72
2023-06-13,0.1294278520828604,0.6212599722439516,45.06967751430587,8.057487299431617,0.9886657123571235,0.9926801134497397,72
2023-06-14,0.13066130106129983,0.6213983452745562,43.32434361368133,8.162306262153423,0.9874830713994797,0.9920592830229354,72
2023-06-15,0.13265467403223882,0.6336613858012234,47.443495940283285,8.156423200658468,0.9771025697397375,0.9846202289233973,72
2023-06-16,0.13443479993781093,0.7032656688517568,52.13560522530673,8.28271909708007,0.9814019829943357,0.9841507668178577,72
2023-06-17,0.1336931636684511,0.7162906021782833,49.78366000237722,8.149726829781963,0.9928979161971632,0.9933602309272809,72
2023-06-18,0.1345182801171275,0.7072526770828036,51.93159769711607,8.266886168419195,0.9966924346403538,0.997242539687236,72
2023-06-19,0.13051648311058434,0.7118680582432312,48.600368677248824,7.973678812124919,0.994389412611317,0.9950109813583237,72
2023-06-20,0.12976084272600663,0.7106912834705831,49.74440440018966,7.984662930947353,0.9885627005171367,0.9900504443175169,72
2023-06-21,0.12676336033194638,0.6370407446695217,37.652259110571016,7.702638019928447,0.9198825977525267,0.9191170243360913,72
2023-06-22,0.12600889356757689,0.6554619144581416,36.63741640333804,7.642391506636722,0.9715809251067452,0.9738544259949977,72
2023-06-23,0.12087667223745673,0.6370239776371032,36.554858176926444,7.3132389468571,0.9819805464962477,0.9857804595519424,72
2023-06-24,0.13032132313518027,0.620854759674713,42.85365211120919,7.821431820077714,0.8957796151282601,0.904126326762911,72
2023-06-25,0.12205020876024242,0.7100362629888431,36.000887825061774,6.978222102311461,0.9439063750513925,0.9732947111368154,72
2023-06-26,0.11868693925047163,0.7748534447637205,34.03228448422294,6.62938135942993,0.9762244616242578,0.98662707839219,72
2023-06-27,0.1199211272007716,0.7731471539981377,32.93089733928993,6.708125783576685,0.9862415444125425,0.9892728053399119,72
2023-06-28,0.11563706783087624,0.7662868889369073,35.67424461883086,6.459748891904617,0.9774800770552019,0.9738895110058061,72
2023-06-29,0.1147946764702246,0.7957574517521724,35.45403815115997,6.578517970166438,0.9778636433896372,0.9731075240289007,72
2023-06-30,0.11803331766905491,0.7833257789003557,40.60787734321755,6.9504400736999035,0.9664210789370964,0.964596616579624,72
2023-07-01,0.12107897358861101,0.7519911653327066,37.91701036080262,7.245112857133252,0.9391508497673061,0.9351370112470567,72
2023-07-02,0.12014352945337846,0.7565335886916053,37.346434572787295,7.103208190907612,0.9856833513323606,0.9896357405051293,72
2023-07-03,0.11828782623010642,0.7490453632499253,40.020998113591794,7.088371093347998,0.974239974192285,0.9775916924855198,72
2023-07-04,0.13500440939160407,0.7650284865910231,46.57964733984351,8.222144277653717,0.9676447056556897,0.966757038881708,72
2023-07-05,0.13260994285204986,0.7472195637541759,44.12032825740614,7.926271863883536,0.96966282254173,0.9658653718538079,72
2023-07-06,0.1417120014785003,0.7642764366770417,50.03420761116406,8.552807742539713,0.9886219680627968,0.9884649509826421,72
2023-07-07,0.1412797820943617,0.7584753392347001,52.94277611698635,8.71681307082202,0.9942933436533474,0.9948108490139759,72
2023-07-08,0.11680791085786445,0.7317703519801735,40.04736425700078,6.446047227225025,0.8302463739514775,0.7954308837752141,72
2023-07-09,0.1625131287269612,0.8927562067143748,57.02191284293485,8.74597717040911,0.899637896757264,0.8756885233970333,72
2023-07-10,0.16034342516628375,0.8962901826457397,56.078024993031555,8.633228835777842,0.993607589965771,0.9970540397727925,72
2023-07-11,0.161164750025569,0.9033178859626521,56.428931750679986,8.761805859945026,0.9929226213207991,0.997203414887333,72
2023-07-12,0.1577079047426626,0.9125996695797772,54.451994339578306,8.492793017528259,0.9844353532996978,0.9832793658003811,72
2023-07-13,0.1564397838978001,0.8889610267830226,49.03998049956023,8.092282561965547,0.9370713678473125,0.9298579148404587,72
2023-07-14,0.15099544109973453,0.9205765107633186,38.46951958672905,7.929164860815338,0.8237294506181564,0.7948366834238971,72
2023-07-15,0.1506805892496455,0.8775402535802692,38.7381027951827,7.882663931536217,0.9836589843520945,0.986183685907177,72
2023-07-16,0.14698120510171073,0.8828350337977255,38.08358325743551,7.613407470785098,0.9884046648510135,0.9882391198303663,72
2023-07-17,0.14388647544965966,0.8675268541224618,36.297951830727484,7.270523483618024,0.9898497765409808,0.9902210108640783,72
2023-07-18,0.1459561238764165,0.8820038991367879,36.04262040022448,7.504355114927576,0.9888387268587926,0.9879474798199521,72
2023-07-19,0.1447311322020779,0.8540196774931684,38.922349035119225,7.495552787153058,0.9682066900266025,0.9623397698866099,72
2023-07-20,0.1604076567989174,0.992673347258083,44.081164409211475,8.537790058340905,0.977605550191065,0.9760597264073985,72
2023-07-21,0.15743111199734225,0.915146185869114,42.14316272401951,8.308560407178577,0.9811563753367306,0.9790173440775376,72
2023-07-22,0.1639799277966028,0.7896364621850098,56.52019735855134,8.943266501317892,0.9184138470130273,0.9053105244593818,72
2023-07-23,0.16376154264642873,0.8611352685976852,58.776491277174756,9.173495509390007,0.9667744237578916,0.9907109891572273,72
2023-07-24,0.1620955748544067,0.796389416879532,57.88489279169299,9.076083573441164,0.9556494652502974,0.9671440035745248,72
2023-07-25,0.16611292913073167,0.7702468225986332,58.089711695126425,9.355445368640982,0.9669200258161001,0.9665792696983169,72
2023-07-26,0.16591325140778013,0.805581221128892,58.28827021996283,9.35684884149733,0.9680781682272086,0.9636213849851251,72
2023-07-27,0.17092730357458485,0.8165634983051495,51.37702122742418,9.286260882387293,0.9608736873261413,0.9534238948443072,72
2023-07-28,0.17172758969423027,0.8871579308054149,57.48276365317327,9.504358212783123,0.9700440770696352,0.9687320973066633,72
2023-07-29,0.17326544459321588,0.8861124859313602,53.8685069523837,9.490808671923881,0.923416973266037,0.9256571423967352,72
2023-07-30,0.17340294885953453,0.8871754923226992,53.09176431452768,9.543419716506182,0.9731487904802354,0.9796660383813374,72
2023-07-31,0.17180156075346537,0.856927127346718,52.160317283063435,9.533786487270016,0.9746746899742154,0.9900628243120836,72
2023-08-01,0.17058222126767392,0.8909608926744325,56.669351127684365,9.621879123390373,0.9703672850040481,0.9807497649253862,72
2023-08-02,0.16936193225081958,0.8715803552515299,50.70181754201844,9.39823916205542,0.9665964511927917,0.970768346909036,72
2023-08-03,0.170797514886649,0.8831984358669127,52.24866045125569,9.563627061652493,0.961568292599984,0.9587045987212188,72
2023-08-04,0.18025603941599722,0.8724490420902538,54.80613642857722,10.004969097530367,0.980385341406749,0.9801643992182448,72
2023-08-05,0.1815316391767912,0.8703045675848375,55.695274778977556,10.010671939519598,0.990509690590086,0.9929731808141959,72
2023-08-06,0.18562686166676465,0.8731070549493125,55.085683794845195,10.154600081670335,0.98929366622061,0.993907710495214,72
2023-08-07,0.18389822769085923,0.8736058954889574,56.11411067639816,10.044148379742607,0.989537246463502,0.9951023301374213,72
2023-08-08,0.18257476813261536,0.8761802499872475,57.78642176115559,10.052299392338444,0.9901928532603769,0.9961733160139208,72
2023-08-09,0.18560080431628964,0.8818653576999682,59.48169748252788,10.318557758558988,0.990498951487553,0.9970645997162433,72
2023-08-10,0.17826016493118227,0.9211900618483586,47.47656613156356,9.610345111503106,0.8701664720678974,0.8469037475067647,72
2023-08-11,0.18015282632579746,0.7372357885048764,48.2777661246278,9.047922710286139,0.5820766119803217,0.48025011942911233,72
2023-08-12,0.18841457935767741,1.0570426229674417,54.13643303959309,9.695487291983452,0.9387895146862225,0.9468418708385467,72
2023-08-13,0.19926173981001624,1.0377594019801073,55.18436794063917,10.308627754434552,0.9533910810851713,0.9645587211845592,72
2023-08-14,0.20261375408782778,1.0763697169200817,55.58146144196476,10.533782248905602,0.9458981124937684,0.9563548665196732,72
2023-08-15,0.2053519504473742,0.9719342967702451,48.239408268698895,10.804525233772363,0.8991584699088666,0.8836314100259042,72
2023-08-16,0.20812610478941926,0.9245984270343361,49.87781199981595,11.127097311236476,0.8667099213705081,0.8370437976431491,72
2023-08-17,0.1535750062762375,0.7865091453316793,41.0787514477761,8.461304893633056,0.7982985630094314,0.765557523073931,72
2023-08-18,0.19078827996622624,0.9021281049781438,72.74385759519734,11.56503419179661,0.8285007258177208,0.8325904255272115,72
2023-08-19,0.201590145231133,0.9864393250909063,79.31587134520619,12.418251832201868,0.9875417749536162,0.9919630877707698,72
2023-08-20,0.1997391271467668,1.0191774932635653,82.33559232517206,12.430141665708966,0.9915931190294233,0.9933988639446347,72
2023-08-21,0.20243789716186622,0.9956118276505453,83.21446274888878,12.598714345271528,0.9805926747673739,0.9812794341934682,72
2023-08-22,0.20204185645257525,1.1164232205758045,95.32020089150468,13.219838703772147,0.9708155143948326,0.9721057180815724,72
2023-08-23,0.1990936091464967,1.0888940866275116,91.70732075073171,13.028395195640568,0.986979278305389,0.9898878740697943,72
2023-08-24,0.20037538967481472,1.071568890566462,90.12468359172571,12.9718015400211,0.9844115091757887,0.9861580813508073,72
2023-08-25,0.20009224903943792,1.0793221621186775,87.72754594902283,12.872849266925918,0.9966329888220605,0.9982956400281137,72
2023-08-26,0.20110857899457013,1.0601637907895256,88.07519641082952,12.931167357514402,0.9980851980061154,0.9993790973548777,72
2023-08-27,0.1978528094968294,1.0515313801517696,86.81455845780528,12.723900412061937,0.9933057638151891,0.9957726862590814,72
2023-08-28,0.19284007759755564,1.0138927850514676,85.27928059835325,12.510251340572939,0.9902918122202728,0.9945409827357985,72
2023-08-29,0.1953311513792633,0.9632472556144207,78.81055716583722,12.410764183869942,0.9747586945441359,0.9799415092966398,72
2023-08-30,0.1895167639852806,0.9407925277972597,76.95191607496633,12.024855733755901,0.9644234447904371,0.9681840433540594,72
2023-08-31,0.1933256554727076,0.9247058080885151,76.24811844769778,12.151066357550807,0.9840938444220791,0.9868886790943394,72
2023-09-01,0.1876862362337517,0.8942980467719259,72.56330199082042,11.709718258909362,0.9869539465959264,0.9896130149944252,72
2023-09-02,0.18728251883531116,0.8785983520797117,71.56474793479897,11.663992636457461,0.9955173207100217,0.9975492196558613,72
2023-09-03,0.1871496819667287,0.8670830952131258,71.22774701148035,11.640926560247587,0.9976158810821862,0.9992621459759257,72
2023-09-04,0.1870263590710352,0.8593495412546741,71.53026489963804,11.636115140180184,0.9971435398051944,0.9990877410080589,72
2023-09-05,0.1883491241654677,0.8667303343764861,71.43175828021111,11.670695578666585,0.9946114533499305,0.9966841696572357,72
2023-09-06,0.1872192931666369,0.8648241658775089,70.96564165241251,11.637355575590032,0.9932826273199775,0.9963003587059472,72
2023-09-07,0.18744815224592146,0.8767426246370564,70.87175343179823,11.627259347926108,0.9956604436452725,0.9977372306161163,72
2023-09-08,0.18810779778643044,0.8918524019822963,71.53420610076117,11.67181605633806,0.9966016184771276,0.9980170743504326,72
2023-09-09,0.1860349016054305,0.8939108740941104,70.72280718338915,11.55253680561666,0.9968857215481062,0.9988615728761225,72
2023-09-10,0.18832942733100433,0.8910855952156462,70.88560478194418,11.654408787419243,0.9913934912019908,0.9944519303109837,72
2023-09-11,0.18786272707049673,0.8759403075166348,71.69629436482691,11.729027603936698,0.9888061197873798,0.9920001289221703,72
2023-09-12,0.1736744817673782,0.8953285165121798,67.181786334027,10.824003476365846,0.9469296010536001,0.9491410872719314,72
2023-09-13,0.19247898723374615,0.8058778047647335,63.162757043890785,11.6021726123388,0.9244561561053521,0.9231154900793898,72
2023-09-14,0.16883831996862886,0.7300370000222869,51.82839662117601,9.864448409487096,0.8984021308077142,0.8939947539464137,72
2023-09-15,0.18070460575929123,0.7003868875862507,47.2182268792158,10.017860036341276,0.7851593705567149,0.7683278789904675,72
2023-09-16,0.18705913321143997,0.7392875773746588,47.673341972238156,10.41509625071414,0.9642209920245749,0.9749257663826539,72
2023-09-17,0.20205295498612194,0.7895674557426107,59.41061134290257,11.536407808426064,0.9662368445244185,0.9725760176573652,72
2023-09-18,0.1990261206352126,0.9597276799625878,60.18962869653375,11.577957051419476,0.9704583316904312,0.9714264619109331,72
2023-09-19,0.20114283275688913,0.9089807687708561,57.22191347366679,11.672554619063249,0.9833493616789297,0.9850514455855928,72
2023-09-20,0.2036541052295666,0.946259476350687,56.74149076291458,11.796318176346317,0.9805632321129399,0.9816186894156114,72
2023-09-21,0.21023055527157442,0.9439350027408359,60.5921553314438,12.130021843207706,0.9685520159947959,0.9707982354958556,72
2023-09-22,0.21138612857463465,0.9209180818139004,56.703556033465084,12.173859595232376,0.9769536158961978,0.9806730103627187,72
2023-09-23,0.20854342370015408,0.8625884175215432,55.93702522869398,11.967887066891734,0.9934546500847367,0.9977174360283005,72
2023-09-24,0.20592371749547222,0.8258156370389067,55.4111629194588,11.767377957999377,0.9912127241694247,0.9946927229303733,72
2023-09-25,0.2077133841661007,0.8243323031717522,56.484453557277526,11.9086665308004,0.9912910898819153,0.9946757517689636,72
2023-09-26,0.20614037534199312,0.854562167282765,60.1334160527475,11.905208922291074,0.9761674705347746,0.9775817224585186,72
2023-09-27,0.21358357758657745,0.8574077441172523,59.20826492817693,12.22804947803595,0.95944422955876,0.9597298652519709,72
2023-09-28,0.21124399662287316,0.769517506844442,48.997593982706405,12.057455079093167,0.9551102639042915,0.9564530094835348,72
2023-09-29,0.23170247657989845,0.8270260429552346,54.801072756043226,13.244706050550326,0.9478741233577598,0.9504511162352388,72
2023-09-30,0.23464132560855797,0.9056983410292045,58.88439446184276,13.377035588179114,0.9884224483354009,0.9939931543351429,72
2023-10-01,0.2331192777680511,0.8575895577208235,56.02996046934575,13.272798835982677,0.9752573985420943,0.9788121954865802,72
2023-10-02,0.22459005547696448,0.8459694502039573,55.916915586477714,12.968477157974236,0.9389014802459482,0.9375141292297254,72
2023-10-03,0.2221601758394436,0.8689104906282129,60.72435798174109,12.860403518976712,0.9399835277392166,0.9452088749551995,72
2023-10-04,0.22337805023898627,0.9049967584245777,59.81758652456787,12.837841757167748,0.9811395479090186,0.9935233562520384,72
2023-10-05,0.22061591947349546,0.8207550841912142,56.86897184856902,12.537768663983815,0.9906084374634065,0.9941842319144988,72
2023-10-06,0.2145324083677762,0.7825362148087514,54.61182697300991,12.090951418215912,0.9917269318299253,0.9940069897637326,72
2023-10-07,0.21557567855438187,0.8086379306896608,55.46978103988321,12.174717331211394,0.9935436554103633,0.9966798561801624,72
2023-10-08,0.2087043242825882,0.7749844967851057,54.665707751157555,11.710327144797652,0.9840738170040587,0.9863203047461361,72
2023-10-09,0.2116573268025617,0.797234007186109,53.94274223759312,11.803853238727397,0.9429864115695921,0.9365085633894924,72
2023-10-10,0.19149996944292316,0.7675448019836132,51.057508142830486,10.45862677675674,0.9211289216208769,0.9188842253498328,72
2023-10-11,0.19097035197220383,0.7649701243460292,49.446051593329,10.461412164896178,0.9679562625096424,0.9729492356929017,72
2023-10-12,0.19468492768590373,0.7996843913525861,51.42812074854394,10.76553890505085,0.9819412653099936,0.9845290220835254,72
2023-10-13,0.19276522188553474,0.765258301106885,49.621546255047896,10.619548720094091,0.9759935120914053,0.9818898077522294,72
2023-10-14,0.18656264508949152,0.7368692816875799,49.17729434682721,10.177086771620658,0.9754526826873909,0.9799805341460378,72
2023-10-15,0.17026235834478473,0.7007505232060578,46.281831353601376,9.257084429640383,0.9647427218687491,0.9678676438605086,72
2023-10-16,0.1690786838225974,0.6825696237990005,41.60899491358249,8.954294028392756,0.9470490354790216,0.9441899683778284,72
2023-10-17,0.17022835423236984,0.7635232299614236,40.30064296711993,9.009505618582818,0.9438849575791323,0.9369212498293663,72
2023-10-18,0.1749745806219891,0.7491249837940797,41.879439710493756,9.419178790615208,0.9603519259437359,0.9602480509909805,72
2023-10-19,0.1767714261908832,0.7428510564211462,42.51810632301741,9.558106365605612,0.9658064628847083,0.975347483735617,72
2023-10-20,0.1915875209138521,0.8492636750858037,49.67149237681518,10.580549959216434,0.9373569565390143,0.9323476682565671,72
2023-10-21,0.17241862366299615,0.7816133341854012,46.852152715879676,9.456730972505412,0.9395787695620618,0.9371589817306967,72
2023-10-22,0.1678447168280162,0.7049058549239231,45.94343947442076,9.17703865168339,0.9567845679724553,0.9586636539851898,72
2023-10-23,0.1548110199079553,0.6741575719100277,42.3898584422944,8.381306969033822,0.9067527314538466,0.8931950832656972,72
2023-10-24,0.18049707820164243,0.8546012887922931,43.77385730171565,10.075945287032827,0.8198499205157658,0.8001584582434734,72
2023-10-25,0.1742627155958796,0.8058504953239508,41.664508990270065,9.37199496066966,0.9749327854319139,0.9961229881217117,72
2023-10-26,0.17628907288093784,0.810740049443283,41.58393746012126,9.377772210278621,0.9820722270734042,0.9902656475571214,72
2023-10-27,0.18452106151158496,0.8022261069042919,41.28168620278402,9.64100511881885,0.9745693946626396,0.9867710359746128,72
2023-10-28,0.18231950735609687,0.8029316303538294,38.725507778092954,9.57047675956587,0.9504291181974815,0.9596962048673577,72
2023-10-29,0.17498593197890533,0.7916226202560207,35.60374367604038,8.876814353968895,0.9561041108132521,0.9595516914863964,72
2023-10-30,0.1755136083129814,0.796856223311015,35.0626666860095,8.6549447921321,0.9397358752992789,0.9335585908386321,72
2023-10-31,0.19019549643084527,0.8318944992982091,41.80118809381355,9.117809714240963,0.9138408855488508,0.9174204254343651,72
2023-11-01,0.20720290155486562,0.9061055621165408,40.49994740257094,10.306280035620262,0.8962814033219474,0.8925214953772596,72
2023-11-02,0.22163749841397748,1.0033465980855665,45.02158768746453,11.07111145373572,0.9127044416576569,0.901983436989,72
2023-11-03,0.22528657929775486,0.9833601161886636,44.09718052192001,11.094343618294996,0.9723064541059455,0.9842566176665172,72
2023-11-04,0.2247296443400162,0.8925207327649296,46.76144709523303,11.107491652558881,0.9847969264928647,0.9915904019551098,72
2023-11-05,0.2216936396475423,0.8981359731056391,44.16088633303626,10.824623022869636,0.9776745959069333,0.9891092134736561,72
2023-11-06,0.20520310702901737,0.8986314307036143,45.088810029887725,9.660956895266025,0.9394842814957816,0.934085042258124,72
2023-11-07,0.22834684225205726,1.0153885123874036,49.50356370004901,10.93669869735642,0.9612248088275799,0.9499391064248676,72
2023-11-08,0.22209473339225466,1.004904683485363,49.01693645331902,10.574965847198897,0.9781690016306764,0.9740088871290711,72
2023-11-09,0.22647035289170192,0.9994410386553918,48.2565221926386,10.518177024781972,0.9735531346305955,0.9857949571592383,72
2023-11-10,0.22258942125740774,0.991990526241347,46.71320521650778,10.107644211337966,0.9400910239408033,0.9522640337186634,72
2023-11-11,0.23068369522712712,1.035529651661841,52.428263940874025,10.697302272328638,0.9645367490723694,0.970993592117613,72
2023-11-12,0.22789481946815038,1.012208058141403,50.647732868694206,10.445811091800941,0.985208133717597,0.9990918782710034,72
2023-11-13,0.22861499796807574,0.9363258489178299,52.04557033858096,10.8061350609637,0.9459504011795864,0.9241739510893047,72
2023-11-14,0.2159481122614261,0.9345555057484487,49.92436649107719,10.621634200140821,0.9310869753583293,0.9052856161296655,72
2023-11-15,0.22736238008873733,0.9586804775245463,53.57223751419899,11.580969025643242,0.9672899918675993,0.9595006157042787,72
2023-11-16,0.22160912839495403,0.9365469650432886,49.653159825088416,11.43019285464229,0.9569977080197161,0.9468226920025278,72
2023-11-17,0.21574924627322958,0.9458761011906893,47.14324698278486,11.219322289521639,0.9747087291519682,0.9730335036618597,72
2023-11-18,0.21399291357804215,0.8915828409467781,47.05737149552271,10.99092090622556,0.9858541432957342,0.9863954294017079,72
2023-11-19,0.2191770364762131,0.8694762924483523,47.20892322275101,11.349058539581085,0.9914294459776056,0.9936519403964708,72
2023-11-20,0.20719092704891892,0.8735835253655713,46.77654212659725,10.683921196721087,0.9772686759678045,0.9740647373059961,72
2023-11-21,0.20730213413520657,0.7883017787417371,52.3443503105358,11.079787915675682,0.8799724146494402,0.8505500605641867,72
2023-11-22,0.19054335892314248,0.8282209637226995,48.85929419562008,10.443550528000632,0.9484710162242357,0.9413412997015943,72
2023-11-23,0.1885826042778785,0.8112359339394557,46.88924256543355,10.50175125856816,0.9883189681797514,0.9881403584515186,72
2023-11-24,0.18622682578957947,0.7759811527103728,46.4592321239909,10.384945634315828,0.9964362411809384,0.9991760155898596,72
2023-11-25,0.1862038141573771,0.7891448261956975,48.30861528475884,10.321024851804307,0.989806719587878,0.9919491232937154,72
2023-11-26,0.1872004751675252,0.8039991842365714,49.95703649476286,10.385176184574494,0.9870535785861397,0.9889413692942961,72
2023-11-27,0.192692421464357,0.8581870473494322,51.58646785523642,10.709572172965188,0.9846018472365318,0.9862651438975109,72
2023-11-28,0.1927634241226135,0.8694797532120837,52.52763153546133,10.810096083145822,0.9915762574085886,0.9965340339757919,72
2023-11-29,0.19284684224243448,0.810389760779959,60.27829056652249,10.832530202391055,0.9704859864281513,0.9756911695653903,72
2023-11-30,0.19559261209537915,0.8256938716633622,66.17875813737737,11.138609129473812,0.9698461322011045,0.9769706889703729,72
2023-12-01,0.1984885660414498,0.8299826990918001,67.19098988240428,11.294924421417054,0.991930305850315,0.9975207589202709,72
2023-12-02,0.19654567660474115,0.8345375392316154,66.92438162894577,11.12884222386984,0.9907938880530749,0.9933651952069286,72
2023-12-03,0.20200559760691722,0.879072747869323,66.61116400301805,11.519180956208862,0.9884948067808872,0.9929049861836533,72
2023-12-04,0.19080856467107077,0.8895809638306762,64.47360145785764,10.993157094534256,0.9676923110143023,0.9795325736173389,72
2023-12-05,0.19466496896981264,0.9114966561290517,67.23595830787207,11.157964529040807,0.9344918591232368,0.9456109540499269,72
2023-12-06,0.19918043023533785,1.0148358564276723,65.93863846481034,11.32614013710427,0.9819752321364759,0.989778942587095,72
2023-12-07,0.20219672565959368,0.9949436366634703,65.52059648634884,11.419441083368321,0.981095201707279,0.9897176414369466,72
2023-12-08,0.18865935161305786,1.0100866423846284,55.509343297883774,10.607189170793633,0.9567190836932319,0.9652965718791003,72
2023-12-09,0.1923957558981797,1.003982080665761,58.250234487164775,10.917607125835225,0.9571706925556172,0.9635182482688395,72
2023-12-10,0.19154527318336387,0.9941700915283814,58.486268544232914,10.814220023144511,0.9873430284806632,0.9961407432594758,72
2023-12-11,0.17702922598266746,1.0038624662093834,54.08178144675245,9.986673509311702,0.9532024017661643,0.9553206291727984,72
2023-12-12,0.17260469621400346,1.0452290909650113,43.66358694510603,9.529435348264448,0.9097930448313496,0.9155215089165275,72
2023-12-13,0.17406772476064652,1.060735036663553,40.172988379562945,9.559616193900048,0.9578624571209382,0.95949342710694,72
2023-12-14,0.17351233210414208,1.0655078673733696,42.495140786961386,9.356482393778045,0.9305436179766656,0.9236041065630559,72
2023-12-15,0.179306880262185,1.0907237175089084,43.94327591797727,9.743522594480106,0.9573823209640954,0.961451559420948,72
2023-12-16,0.17360342149039343,1.0661446588533139,43.705456038090645,9.492675236366512,0.9762809079607632,0.9801946491921547,72
2023-12-17,0.17108434529384345,1.016998442522168,41.23967824606986,9.259208239416468,0.9675224441703079,0.9707370441673244,72
2023-12-18,0.16622602102797782,0.9898384904355371,38.88712176745699,8.847656813053915,0.9783058394055468,0.9847211331453664,72
2023-12-19,0.15459589595836473,0.9929483640691923,39.59360847521651,8.052173470416928,0.9061013539929812,0.8813937023519913,72
2023-12-20,0.17855645893110708,0.897328053896439,47.83187633503865,9.066404322905859,0.8499648003950357,0.7912717603593745,72
2023-12-21,0.20244966644530507,0.8870137157368787,45.42073000231069,10.236504707235476,0.9173808310402821,0.901752203045299,72
2023-12-22,0.2020843869147298,0.8593540588777634,47.48867860291241,10.114432577326456,0.9688933953974904,0.9750386780836514,72
2023-12-23,0.2010521114647385,0.8702467312632862,48.06371210076715,10.121947985361935,0.9827884970823058,0.9926551261027229,72
2023-12-24,0.20122186462320435,0.7886690895487745,46.30828783648501,10.067908097441801,0.9744252018519682,0.9939908019133363,72
2023-12-25,0.1953785027490623,0.7703044432265385,46.71192801989487,9.629843235956342,0.9518563010706834,0.9544507975347448,72
2023-12-26,0.19429031800074356,0.7486828425101067,47.20337936793668,9.483468116883904,0.9626522037839328,0.9694412840360379,72
2023-12-27,0.19492285538536455,0.7844184867927466,44.69619784073467,9.139202024813732,0.9575790181209429,0.9904774528968017,72
2023-12-28,0.1959429262986498,0.8266634674203868,48.69762523336457,9.204535973227363,0.9558219280014688,0.9601877753162743,72
2023-12-29,0.20399085685299853,0.903990704114343,55.32375764383016,9.845151896971268,0.9704177503857414,0.9652490771656375,72
2023-12-30,0.19695434592844163,0.7678905922298763,49.78350968358864,9.379238163250537,0.9837415953762739,0.9824946277189802,72
2023-12-31,0.19914180843684717,0.8065804484458392,51.63365882483649,9.41053179401107,0.9849601907706366,0.9947737663197611,72
2024-01-01,0.1978743480927267,0.819479358737153,48.75323842117329,9.459796981888422,0.9657702229050039,0.9626381544617537,72
2024-01-02,0.1935550002014993,0.7889782639476873,47.831458645465375,9.18410255375089,0.9717043295647116,0.9745018145348496,72
2024-01-03,0.19134239362867747,0.7891465063825894,46.437528742120534,9.493347083276143,0.9277414677864173,0.9155181328524837,72
2024-01-04,0.18619322569098223,0.6777613477013646,43.507934564422555,9.2983708150728,0.9521954497614251,0.94496436518746,72
2024-01-05,0.18090521422345013,0.6811722396491127,46.258612348199,9.050278175365793,0.9753694770518292,0.9696963644569346,72
2024-01-06,0.19150830183445477,0.7758057929932579,52.74994029073815,9.755113726723685,0.976620835526468,0.9745357890315409,72
2024-01-07,0.18760936463810612,0.6923276865000516,50.049466358515346,9.408922644362267,0.9844991846352541,0.9845448487425017,72
2024-01-08,0.18586660002754374,0.7516633327278297,47.67995046510268,9.585909369627291,0.9498083609265444,0.9363841677813345,72
2024-01-09,0.17936835801035866,0.7519868893312578,44.63046752883855,8.94149628423944,0.9447029524698096,0.94023818381715,72
2024-01-10,0.16782436769303302,0.654227508105458,38.772664705890534,8.31821973239317,0.9624269398740235,0.9569940914807424,72
2024-01-11,0.16682485974269987,0.5885509057027485,39.248733405356845,8.448247296709168,0.9613750764838633,0.9548424735244191,72
2024-01-12,0.17872443896754314,0.6475739336894338,43.343127333462476,9.506559778847251,0.9583336740294404,0.955927974827099,72
2024-01-13,0.18269201056662454,0.6307325856298593,45.12914303159019,9.68802235185152,0.9710699549545404,0.9678889835146427,72
2024-01-14,0.17916773491484503,0.6497985188150601,46.04155594380829,9.563579184573214,0.9868740046634165,0.9879408392728516,72
2024-01-15,0.16897752203569225,0.6349271627576524,40.56565854275189,8.871435006352074,0.9881971795578034,0.9916696768329846,72
2024-01-16,0.17435556712438346,0.6664532478882605,41.50650811996162,9.333300199460608,0.9885892685432173,0.9922368330138133,72
2024-01-17,0.16892262644977404,0.6369840479078589,40.95327909376778,8.897279468257333,0.9885664621698338,0.9906331651329248,72
2024-01-18,0.16526902121955392,0.5650352739136886,39.021969246873915,8.743577753917512,0.958489872957599,0.9553094669775928,72
2024-01-19,0.1647050934156237,0.6414819705706355,45.18719749719146,8.7103530468347,0.9673895441928574,0.9701438597581034,72
2024-01-20,0.1681483643419096,0.6255815707747885,46.58090028220412,8.936281229541143,0.9842741356392256,0.9918332464947371,72
2024-01-21,0.16837426038776862,0.6868315828125606,45.79136516638124,9.080845646286724,0.9775059661526215,0.9952691277814919,72
2024-01-22,0.16882672382077968,0.6191587593194339,48.62231467710073,9.101468457416328,0.9494372222417041,0.9521372036411049,72
2024-01-23,0.17336690757553722,0.6969332837997729,56.236110523318686,9.701848942342476,0.9593786509259107,0.9648321271751148,72
2024-01-24,0.17712217316136195,0.7135362499533907,57.24822220264708,10.193689241432388,0.9687025212505851,0.9906370396283731,72
2024-01-25,0.17545555941097035,0.7203787330563534,58.05635846392548,10.161946380881469,0.9699525245779453,0.9797009966950312,72
2024-01-26,0.169396788280582,0.7733833072133208,56.24785192705797,9.7995576755247,0.9735462288968687,0.9795468251687859,72
2024-01-27,0.16709574637514893,0.7586112830192534,48.85015229761382,9.632580079969362,0.9849888274838179,0.9887351203213988,72
2024-01-28,0.16498900468771055,0.7432050881004382,49.4231504665772,9.573557607748358,0.9918092466408146,0.9987950369183886,72
2024-01-29,0.16311584611254615,0.6643605699967148,46.450272649122844,9.478261223806243,0.9690140896007506,0.9735313698731546,72
2024-01-30,0.16504471315617836,0.6870517408975776,48.19134064388915,9.5650088177269,0.979619026914013,0.9816471341188846,72
2024-01-31,0.15550645897106355,0.6601583365653247,48.44496082734386,9.176605161270942,0.9183684065453375,0.9227149114336926,72
2024-02-01,0.16100245810602484,0.7585375547676161,48.00702144424879,9.430651936218455,0.9185610087080662,0.9216111535553632,72
2024-02-02,0.16453419881477868,0.7259985484228624,48.826910986901154,9.64586672245979,0.9804214701569043,0.9824492289694845,72
2024-02-03,0.17433949706912502,0.6863988364666214,46.88976731887385,10.17161971379605,0.9823678894389785,0.9851165470559582,72
2024-02-04,0.16496864614802884,0.660149328836765,45.43315984704387,9.630542543412503,0.9749074803056911,0.9760042765747521,72
2024-02-05,0.15530587775148916,0.6347400472102438,43.7917132136572,9.00213437583183,0.9436277789793971,0.9416867880476706,72
2024-02-06,0.18754109795580193,0.7295949313579887,51.469762679363136,11.031269690511271,0.9559187689943759,0.961596642677755,72
2024-02-07,0.18041775156000353,0.6975705762375961,55.33697509147451,10.725037964323008,0.9386039407530075,0.9397495653732623,72
2024-02-08,0.17092487478065713,0.7340137533620059,48.57233756153373,9.779834014433138,0.9221835290661492,0.9227262016191586,72
2024-02-09,0.15460115402019328,0.7790899780373531,38.667949170193,8.6185214409716,0.8866630733343606,0.8787986053704172,72
2024-02-10,0.1703743425859139,0.6103653787888962,40.58292430615572,9.541097027517875,0.9332228050394271,0.9288916120260524,72
2024-02-11,0.17406160416858193,0.611535649878133,39.92116646971471,9.78204025416947,0.9637630693347304,0.9652904651976347,72
2024-02-12,0.17842599084849178,0.7125443213009177,48.91786214593198,10.074110554268024,0.9485202972983678,0.9476958679089446,72
2024-02-13,0.17725824737244564,0.7993989073037631,51.78131363115438,10.058701285264721,0.9636337817256392,0.9665331264619191,72
2024-02-14,0.1710768090429406,0.8049555507661775,51.22973452606627,9.795427847996262,0.9642890677747988,0.9685323972219733,72
2024-02-15,0.17370254029977167,0.7972161113008555,51.76730946996908,10.054181405154726,0.9216990499352428,0.9251527419804716,72
2024-02-16,0.19030006693226792,0.786409246051186,52.4531125958663,10.69150420253482,0.9159781294421612,0.9252999714259654,72
2024-02-17,0.19475336358605336,0.8109521658861216,52.34369787345055,10.928367530190837,0.9739064497560038,0.9933193707348722,72
2024-02-18,0.19186347883219884,0.8067099143556866,52.546364535469905,10.651180171633179,0.9666870077610262,0.984943612663249,72
2024-02-19,0.17985007908699444,1.043466524402727,50.68693293960391,9.921234625389431,0.9142419429877545,0.9185553754826212,72
2024-02-20,0.21071022590560282,1.1091051550640154,51.93237275168754,11.25108547535469,0.9023342033605752,0.9007851999696975,72
2024-02-21,0.2115817362263608,1.0680801480620872,48.3221421358476,11.23197900594521,0.9547341466127518,0.9589076758030628,72
2024-02-22,0.204913554652205,0.967712488427543,49.29574731619975,10.772534769173518,0.9575394497075955,0.9653046748935066,72
2024-02-23,0.20171520331224288,0.9452067679303671,49.46443602184898,10.315688952917366,0.9477455534837406,0.9678619778213188,72
2024-02-24,0.20128968271840708,0.9692198461351739,43.61061388024153,10.021846681621897,0.9209767350991018,0.9227526773284833,72
2024-02-25,0.20579978818940486,0.9529311068039004,46.70523400349178,10.28531214379251,0.9654527491158358,0.9682204617985068,72
2024-02-26,0.1946317921590558,0.9611391730610157,41.612871321407766,9.324812934934533,0.9588014058713216,0.9623598478095533,72
2024-02-27,0.19809963243934883,0.9326708039413315,43.00127223380077,9.36604254995904,0.9273587618297092,0.9256408121752546,72
2024-02-28,0.20287743451279985,0.8846653151063038,44.18239112447351,9.357240544672386,0.9370552073900243,0.9754736004826874,72
2024-02-29,0.21635051930069346,0.9606954847136335,44.30144680102738,9.6118440804444,0.9360099340350887,0.9620592382755097,72
2024-03-01,0.2068931024702417,0.9080321335351533,44.497223580864805,9.089260050392213,0.9110120970202574,0.8794581632215506,72
2024-03-02,0.2013289969506274,0.9096806552171266,43.502920260529194,9.158042134775899,0.8646367005368807,0.8202192006473281,72
2024-03-03,0.23599834641136422,1.01007179453392,58.3368814992673,11.274304125068497,0.8821052540846137,0.8968357311678332,72
2024-03-04,0.23206180373605692,0.947239176229226,53.30073135637948,10.568790047723487,0.9444260074670651,0.9804642036379997,72
2024-03-05,0.22965986627456747,0.870675674338015,48.694435381783535,10.850923723508384,0.7992350746126835,0.6975384140909094,72
2024-03-06,0.23765735060674736,0.8430866176450851,51.70264669588515,12.213758109639011,0.8732478907550206,0.8389938739384635,72
2024-03-07,0.2505227611080296,1.0545867148732238,57.12757913235538,13.223265455508207,0.9264363902998656,0.9220261154449568,72
2024-03-08,0.25385346747736326,0.9660066025552839,56.210762708042644,13.477131768770557,0.9895354776907656,0.9943475008689322,72
2024-03-09,0.25262520211666656,0.9733039112006299,57.457320864619604,13.381536103930477,0.9925020423754781,0.9964163099012121,72
2024-03-10,0.24676141172233437,0.9457627062354161,55.43830765592833,12.92682855264247,0.9901829115277669,0.996927242514419,72
2024-03-11,0.24609927777335489,0.9417719000677076,53.64528624618821,12.721344424770594,0.9855317525336786,0.9916445166609715,72
2024-03-12,0.2397858504088043,0.9309318512523246,49.05942344558619,12.291768802150433,0.9693974471278874,0.9775012056858564,72
2024-03-13,0.2381201650613582,0.9239327009400635,48.165377304870994,12.036705699862909,0.9818528636433909,0.9955914983533402,72
2024-03-14,0.23180241922098505,0.9544154218650288,43.974473913971075,11.608350687640536,0.9697112470715027,0.9788868168016915,72
2024-03-15,0.21169908735730558,0.7813247347233311,40.9032816568636,10.386242520472303,0.9502632090756009,0.9428261725027807,72
2024-03-16,0.20824852605988142,0.8543698533142905,42.324479734281965,10.627355932290495,0.9518263622382107,0.9354234693202093,72
2024-03-17,0.196258595544889,0.8903572286624803,44.425716929060215,10.13905477828571,0.9798996097641188,0.9752769406344101,72
2024-03-18,0.19064450603522584,0.7624018092365138,39.71381859857085,9.817571046120879,0.984024063758989,0.9845328670094298,72
2024-03-19,0.19696489988775745,0.8037085638578199,43.7390348377502,10.479692457805486,0.9562948494709325,0.9515731339880532,72
2024-03-20,0.19254692748368096,0.8196397992347519,47.69509943017097,10.48162222106103,0.9652348771655028,0.9607964208255012,72
2024-03-21,0.18938843967572477,0.7520175138763372,47.56265810581493,10.385042153653494,0.9769992891401854,0.9745143907753661,72
2024-03-22,0.19252595872355904,0.7455395300437597,49.62468362550787,10.609120380037607,0.9940061733055454,0.9977136803079777,72
2024-03-23,0.19060865431974514,0.7267141880452028,49.642528598179176,10.580135827894514,0.9916663834035483,0.9964514500758852,72
2024-03-24,0.19348673616170628,0.7560345489156193,50.07173390732234,10.779786179796806,0.9943219638630636,0.9954600174438692,72
2024-03-25,0.18998166449687165,0.7290473581305582,49.50108369723403,10.609022553338368,0.9936799632886923,0.9947019930819447,72
2024-03-26,0.18743065648634408,0.7222561820654869,46.8427408779236,10.474195928087795,0.9920435933475128,0.995907009257897,72
2024-03-27,0.18794446768618234,0.7674742866554308,48.1495014230666,10.59278134466386,0.9920412117480957,0.9957876509138579,72
2024-03-28,0.18795691428671826,0.7794152794611009,49.131828649646444,10.625161683900147,0.9937830237045225,0.997250481448873,72
2024-03-29,0.1905805105887161,0.7683735578447249,49.40307512918092,10.798628774352302,0.990156940769472,0.9911287886831168,72
2024-03-30,0.18829258039645916,0.8018895516889075,46.87989429658846,10.651275013812175,0.976321028550968,0.9759978490390879,72
2024-03-31,0.20055997843171125,0.7877429741103861,50.36069894954966,11.528825694951395,0.9635446149069072,0.975049205004356,72
2024-04-01,0.1984802425761748,0.7916245516245725,51.52304647429031,11.466098719027404,0.983482825600676,0.993486403244434,72
2024-04-02,0.18280220149637288,0.7384315759727874,55.16804856199007,10.781335761143641,0.9427353933040703,0.9468740084561598,72
2024-04-03,0.17224982119518992,0.7141707294326857,51.76184592872646,9.839296332544029,0.9051445069049587,0.899612649029339,72
2024-04-04,0.18167348791982346,0.7063215329401509,55.31796505813877,10.31888181681941,0.9417863820554546,0.942014621494807,72
2024-04-05,0.1875815089976148,0.7340370766840223,55.43314467313059,10.745467840160481,0.9851742181780415,0.9922007941872427,72
2024-04-06,0.18536495839164516,0.7437811752295189,55.490624713642404,10.76582054725064,0.9855073866775698,0.9962639216102532,72
2024-04-07,0.19225324096305715,0.7421957604925657,57.51150857657367,11.33065418518743,0.9865673190949816,0.9947922497460877,72
2024-04-08,0.18958567925236047,0.7614813724550928,54.85768174014194,11.227481610067546,0.9818177767457024,0.9872533382517091,72
2024-04-09,0.2053177740950335,0.867974906701141,66.06391112632693,12.530834027355503,0.9530836998594038,0.9638945855423305,72
2024-04-10,0.20306999062808423,0.8401703086556335,63.832441375284475,12.482187236874625,0.9817215381312873,0.9930058773922805,72
2024-04-11,0.2036290676098216,0.8352051989033873,65.03842528233602,12.640232671728052,0.986107054129266,0.99589671795225,72
2024-04-12,0.1946504006964824,0.8664204728398257,60.78114206046831,12.244763904560223,0.9401685764941496,0.9460822101817244,72
2024-04-13,0.19585264764269142,0.8813844318768147,68.49889313163538,12.2889671155753,0.873166716501495,0.8724665127343362,72
2024-04-14,0.20383510653168666,0.9057718503394514,70.38007648548383,12.749302316953653,0.9755648247386958,0.976209903160833,72
2024-04-15,0.20773993987200398,0.9363430522956202,75.06356915879863,13.044713087187986,0.986431263007707,0.9874492591114098,72
2024-04-16,0.18900798143902323,0.8635500180642304,68.94009821209646,11.84975056789568,0.9828965755684476,0.9850554129035675,72
2024-04-17,0.17888095076099578,0.8120953621773002,64.88031493293533,11.118048338845357,0.9695224941999407,0.9708617772525242,72
2024-04-18,0.18432668062733412,0.869907940086937,71.43874433316256,11.54869393989174,0.9726100537988949,0.9736648601749802,72
2024-04-19,0.18003927272624132,0.8458798515099024,73.27446563302533,11.37182863028467,0.9957578262997343,0.9975114663955272,72
2024-04-20,0.17434119065280093,0.7998102008692173,66.8596659041749,10.88547450406561,0.9934725551731566,0.9943044069619339,72
2024-04-21,0.17249778302906985,0.8259472735667461,68.73096891406368,10.854897046796353,0.9932417586950207,0.993781171318669,72
2024-04-22,0.16955993860355467,0.7454372188387819,66.71353795021652,10.610990084821301,0.9938380116623069,0.9943757437058218,72
2024-04-23,0.16749861164205884,0.7377796805216255,63.71466511672941,10.429858266894863,0.9897782153086557,0.9924262752378554,72
2024-04-24,0.16860132348840906,0.7300058359846315,61.194300461274665,10.43141345379363,0.9889110799663737,0.9927271723474796,72
2024-04-25,0.16942128733071277,0.7327219493810997,62.27208825766254,10.485527459843631,0.9932763539995694,0.9947642288011792,72
2024-04-26,0.167832582187941,0.7089364684024391,61.03192173443693,10.37931765639577,0.9968464111312609,0.9985839709001719,72
2024-04-27,0.1652745514372367,0.6994973609828428,60.668338588268625,10.254357838379685,0.9966387322090888,0.9981807098830999,72
2024-04-28,0.1654015303783563,0.7122456304030198,61.33289045415934,10.275000570511857,0.9978355580476261,0.9985386440674953,72
2024-04-29,0.16570133128059217,0.7051129083107787,60.7770117229925,10.281111634717062,0.9929056764870451,0.9938567922978643,72
2024-04-30,0.16671931667066173,0.7113551612235148,60.58112638300302,10.398596103679903,0.9763576630348775,0.9774554434325772,72
2024-05-01,0.16965476480660255,0.7298883488697232,61.499756835932814,10.609659455729457,0.965876972750064,0.9683343136652659,72
2024-05-02,0.17313382630684152,0.723496675594073,61.3187054190268,10.802756453425687,0.9946030066546361,0.9967710223051288,72
2024-05-03,0.1715518574318196,0.7441444074102823,63.58523672013299,10.73827429826257,0.9943433805979044,0.9952787581419801,72
2024-05-04,0.17009916784349555,0.7374172180964549,62.71379303197064,10.629978014463916,0.9967118665221714,0.9972945533064831,72
2024-05-05,0.17114101236151552,0.7392975877257044,63.992443598562744,10.709751625073089,0.9985985402620746,0.9991708485658888,72
2024-05-06,0.16871926576355425,0.7215801649192333,62.45957185416183,10.54001848637695,0.9960420380598637,0.997050535809395,72
2024-05-07,0.17074805277126956,0.6998676113808331,59.54001510165399,10.60039636187665,0.9880132101411522,0.9903514550149459,72
2024-05-08,0.18557296199566886,0.7510616762357261,67.39594471575117,11.591893906869025,0.9875631490812045,0.9913865463765531,72
2024-05-09,0.18456743380530458,0.8016640964807757,67.60815748330324,11.50899902781443,0.9938967253784298,0.996266875988024,72
2024-05-10,0.16965805045112456,0.7755009280699439,64.11338909248214,10.612508448761147,0.9474443090736909,0.9482052539967409,72
2024-05-11,0.11810607632764349,0.66319103602661,38.1273720828364,6.978381086844663,0.8409653392146687,0.852270262608093,72
2024-05-12,0.15368426950978534,0.7253400062274837,46.70601413038183,8.91862706706796,0.7545472497011595,0.7259438748426916,72
2024-05-13,0.17278511564276638,0.8640998816791037,54.243941676872154,9.92587776836129,0.9466206284443894,0.9414184463797586,72
2024-05-14,0.17742402882340091,0.9040592620725061,55.151451967603734,10.250552781714944,0.9798251902783128,0.9827065291202288,72
2024-05-15,0.1710664330683055,0.9011191477282643,55.09624222376415,10.02367180074622,0.9665524970265775,0.9669352789712367,72
2024-05-16,0.16569352295182083,0.933458170967643,49.20090139865379,9.801394483396004,0.937105729417757,0.9344007513661106,72
2024-05-17,0.1699626472798487,0.9573977078985862,51.983426691486166,10.051437590391743,0.9813441147809242,0.9837427095701935,72
2024-05-18,0.17144025510023422,0.9471362848173763,51.13939609517041,10.115421403615473,0.9656744202298735,0.965132244935996,72
2024-05-19,0.19516993158221904,0.984112590150673,56.95943214610876,11.47981908472779,0.9679872878216801,0.9678728258343006,72
2024-05-20,0.16295220864076504,0.9216090356192702,52.49666416740435,9.665625226878955,0.9633735338476672,0.9629924993832162,72
2024-05-21,0.1617118610205847,0.722254588360859,47.69487545184846,9.574625075445926,0.8917759520308564,0.8874810775697034,72
2024-05-22,0.1635090987245597,0.714377694912635,49.63433235204937,9.793784321367859,0.9661045968275169,0.9740924317319674,72
2024-05-23,0.1685933251132247,0.7548984599612835,51.31557468509726,9.997531693864513,0.9705975738013368,0.9771427279850936,72
2024-05-24,0.1732979542366157,0.758366332817164,53.16782499168796,10.298137830451017,0.9863120898016908,0.9942130491379326,72
2024-05-25,0.17630264653150848,0.7893872623858627,53.90996480354602,10.43041725213716,0.9863737998110054,0.993113649198793,72
2024-05-26,0.17655137718721056,0.8109755854486136,55.7032642406664,10.520455279988312,0.9930750816613942,0.9960572205464001,72
2024-05-27,0.177512988773577,0.8231064197000606,55.48852779091615,10.579144845626717,0.9931941954639777,0.995615013476203,72
2024-05-28,0.17128104584611564,0.8366719344118362,54.24911396356353,10.162862020988,0.9693357746643195,0.9711990446745019,72
2024-05-29,0.1712895727204432,0.7477337332468988,52.988547909912334,9.995855270394282,0.943314119842663,0.9432848841081584,72
2024-05-30,0.1703806165895524,0.7172829589168701,51.982001671830275,9.94922386690544,0.9880757197809306,0.9924352395437108,72
2024-05-31,0.16290428833723103,0.7132745355894282,48.27051410189289,9.422444447037202,0.9748010217825877,0.9797816737282492,72
2024-06-01,0.16883847750987255,0.7271594252116859,51.13368271496867,9.771456696071015,0.9821350949232849,0.9859663214339729,72
2024-06-02,0.16869489032154858,0.7270086228602828,50.68958973205092,9.764846342866171,0.9955442322864102,0.9980730766410368,72
2024-06-03,0.163434693334354,0.6717712229276174,45.18663895566303,9.255503795752027,0.9366582740148854,0.943803262842497,72
2024-06-04,0.1678897498076194,1.0437092367731424,38.39742585463026,9.23109071258788,0.9278673681671809,0.9505124741486304,72
2024-06-05,0.1640905348993614,0.8566294580832989,39.47288609847506,8.978309341145769,0.9665013043981647,0.9739779774597326,72
2024-06-06,0.16108352816298793,0.8824445419345563,38.045440994320536,8.88729704319353,0.9779663332316582,0.9815454294338118,72
2024-06-07,0.15346448733822177,0.8196318580124483,40.78336282317259,8.472710033624285,0.9126775047565711,0.8974290627273861,72
2024-06-08,0.15604916021687262,0.7259420069139959,35.08409631176607,8.605816479962067,0.9357439939499917,0.9277781276864814,72
2024-06-09,0.15732668809309266,0.7191883473583083,38.12003498916644,8.710093576518638,0.9898064577191632,0.991851511567456,72
2024-06-10,0.152315211371943,0.7167670485678305,34.4482286173579,8.38849340616211,0.9909960091112296,0.9930418140851992,72
2024-06-11,0.14828419537678822,0.7219057738350056,40.151657183072516,8.249591188335847,0.9687865651051348,0.9648984480562961,72
2024-06-12,0.13547877059974783,0.6858998828974219,34.06905167249029,7.378390351633379,0.9576242316110107,0.9509390789176827,72
2024-06-13,0.15518142484829647,0.7184089804131042,40.124426109408645,8.628772759718801,0.9132765825820541,0.9032126366717452,72
2024-06-14,0.16191435096032367,0.690196051809578,42.22879574077577,9.070311845918843,0.975721358267048,0.9762966068505755,72
2024-06-15,0.1657384210166372,0.6970011045648985,40.70062884409826,9.30213932960898,0.9892646006105715,0.9900380042913319,72
2024-06-16,0.16582715027059505,0.6809215142728426,37.83646521930475,9.286638592869494,0.9873547964748633,0.9882974432665067,72
2024-06-17,0.1517705947212184,0.6768708685047592,35.43426145070552,8.390149566039318,0.9430378238319488,0.9388264014373919,72
2024-06-18,0.17751350110413924,0.8600733242703533,50.291055196651,9.876900392649508,0.834095850645203,0.816048545314834,72
2024-06-19,0.18639342963974745,0.8983905393042737,55.93357574962462,10.461166083442459,0.9507981867664158,0.9538602969511686,72
2024-06-20,0.183233757411518,0.8594670765504491,51.421839958509686,10.228856873504034,0.9821474906233466,0.9876581154796171,72
2024-06-21,0.18496346598932495,0.866241849598337,50.03765477781626,10.354969127889097,0.986942824697385,0.9941612855566869,72
2024-06-22,0.18757738311137356,0.8669872310693999,48.86519874153234,10.536276183770651,0.9922266146846097,0.9971845029167011,72
2024-06-23,0.19453152306214977,0.8667036964800494,50.271083831131506,10.995696948263397,0.992009605274691,0.9951335695821307,72
2024-06-24,0.19402655750645278,0.7928192855446202,48.644816481037765,10.862978428220753,0.9877364136549251,0.9916180460695416,72
2024-06-25,0.20827549078604435,0.7843059748169372,49.35792895431968,11.672490740997125,0.9639880435469569,0.9674964586644068,72
2024-06-26,0.20692860700109228,0.7766250772865364,48.18624178781321,11.55476931356063,0.9897336184777272,0.9913740180731779,72
2024-06-27,0.203596023502499,0.7606904557484013,48.6682609707683,11.395113852644148,0.9917374945872022,0.9940088798907536,72
2024-06-28,0.20318550661469625,0.7819640790382159,50.529081155306585,11.42210218399999,0.9889975066528032,0.9919743594582894,72
2024-06-29,0.2039746606077496,0.7855759837111123,51.797617430881445,11.445270038551108,0.9965913284639804,0.9987709393038564,72
2024-06-30,0.20017048887740688,0.7911299541319855,52.2440877758208,11.263635229748594,0.9933444269196927,0.9938930212227668,72
